index	seqName	clade	lineage	legacy-clade-vic	legacy-clade-yam	glycosylation	qc.overallScore	qc.overallStatus	totalSubstitutions	totalDeletions	totalInsertions	totalFrameShifts	totalMissing	totalNonACGTNs	totalAminoacidSubstitutions	totalAminoacidDeletions	totalAminoacidInsertions	totalUnknownAa	alignmentScore	alignmentStart	alignmentEnd	coverage	isReverseComplement	substitutions	deletions	insertions	frameShifts	aaSubstitutions	aaDeletions	aaInsertions	privateNucMutations.reversionSubstitutions	privateNucMutations.labeledSubstitutions	privateNucMutations.unlabeledSubstitutions	privateNucMutations.totalReversionSubstitutions	privateNucMutations.totalLabeledSubstitutions	privateNucMutations.totalUnlabeledSubstitutions	privateNucMutations.totalPrivateSubstitutions	missing	unknownAaRanges	nonACGTNs	qc.missingData.missingDataThreshold	qc.missingData.score	qc.missingData.status	qc.missingData.totalMissing	qc.mixedSites.mixedSitesThreshold	qc.mixedSites.score	qc.mixedSites.status	qc.mixedSites.totalMixedSites	qc.privateMutations.cutoff	qc.privateMutations.excess	qc.privateMutations.score	qc.privateMutations.status	qc.privateMutations.total	qc.snpClusters.clusteredSNPs	qc.snpClusters.score	qc.snpClusters.status	qc.snpClusters.totalSNPs	qc.frameShifts.frameShifts	qc.frameShifts.totalFrameShifts	qc.frameShifts.frameShiftsIgnored	qc.frameShifts.totalFrameShiftsIgnored	qc.frameShifts.score	qc.frameShifts.status	qc.stopCodons.stopCodons	qc.stopCodons.totalStopCodons	qc.stopCodons.score	qc.stopCodons.status	totalPcrPrimerChanges	pcrPrimerChanges	failedCdses	warnings	errors
2	m2-icabqG	C.5.7	Vic	V1A.3a.2	unassigned	HA1:25:NVT;HA1:59:NCT;HA1:145:NIT;HA1:166:NKT;HA1:233:NQT;HA1:304:NKS;HA1:333:NGT;HA2:145:NQT;HA2:171:NIT;HA2:184:NHT	0	good	51	0	0	0	78	0	13	0	0	10	5373	1	1885	0.9586206896551724	false	T195C,C252A,C270T,G297A,G312T,A318G,A351G,C375T,C378T,A427G,G432A,C441T,T444C,G457A,A461G,A463G,A484G,C509T,T510C,C528A,T534C,G625A,G629A,C660T,A667G,C669A,G673A,C674T,A686G,G687A,C699T,A735G,T747C,T753C,T810C,G846A,G873A,G914A,C969T,A1107G,G1119A,T1134C,G1218A,A1227T,A1404G,G1422A,G1521A,T1668C,C1782T,A1819G,A1835G				HA1:I117V,HA1:A127T,HA1:E128G,HA1:N129D,HA1:K136E,HA1:P144L,HA1:N150K,HA1:E183K,HA1:G184E,HA1:N197E,HA1:A199I,HA1:K203R,HA1:R279K						0	0	0	0	1-58,568-570,1869-1885	SigPep:1-9,HA1:164						4	0	good	0	15	-5	0	good	0						0		0	0	good		0	0	good	0				
1	m2-nVaDMr	C.3	Vic	V1A.3a.2	unassigned	HA1:25:NVT;HA1:59:NCT;HA1:145:NIT;HA1:166:NKT;HA1:233:NQT;HA1:304:NKS;HA2:145:NQT;HA2:171:NIT;HA2:184:NHT	0	good	45	0	0	0	189	0	14	0	0	41	5286	1	1885	0.89973474801061	false	C111T,T159C,C252A,C270T,G297A,G312T,A318G,C375T,C378T,A427G,C441T,T444C,G457A,G460A,A463G,A484G,C509T,T510C,C528A,T534C,C539A,G629A,A667G,G673A,A686G,C699T,T700C,T747C,T753C,T810C,G846A,G873A,A882G,G914A,T942C,C969T,A1152G,A1227T,A1404G,A1476G,A1650G,T1668C,C1782T,G1794A,A1835G				HA1:I117V,HA1:A127T,HA1:E128K,HA1:N129D,HA1:K136E,HA1:P144L,HA1:N150K,HA1:A154E,HA1:G184E,HA1:N197D,HA1:A199T,HA1:K203R,HA1:S208P,HA1:R279K			T1338C		A1476G	1	0	1	2	1-58,568-570,1049-1140,1850-1885	SigPep:1-9,HA1:164,HA1:324-347,HA2:1-7						4	0	good	0	15	-3	0	good	2						0		0	0	good		0	0	good	0				
0	m2-AWBv2b	C.3	Vic	V1A.3a.2	unassigned	HA1:145:NIT;HA2:171:NIT;HA2:184:NHT	0	good	15	0	0	0	1304	0	4	0	0	406	4291	1	1885	0.30822281167108756	false	G297A,G312T,A318G,A484G,C509T,T510C,C528A,T534C,C539A,T747C,T753C,A1227T,T1668C,C1782T,G1794A				HA1:K136E,HA1:P144L,HA1:N150K,HA1:A154E						0	0	0	0	1-196,235-287,348-358,361-369,372-471,555-693,697-718,720-730,762-1184,1333-1337,1342-1497,1510-1521,1524-1612,1734-1741,1816-1885	SigPep:1-15,HA1:1-40,HA1:53-70,HA1:91-131,HA1:160-205,HA1:207-218,HA1:228-347,HA2:1-22,HA2:72-73,HA2:75-126,HA2:131-165,HA2:206-208						4	0	good	0	15	-5	0	good	0						0		0	0	good		0	0	good	0				
5	m2-FMccqA	C.5.1	Vic	V1A.3a.2	unassigned	HA1:25:NVT;HA1:59:NCT;HA1:145:NIT;HA1:166:NKT;HA1:233:NQT;HA2:145:NQT;HA2:171:NIT;HA2:184:NHT	0	good	46	0	0	0	274	0	13	0	0	69	5197	1	1885	0.8546419098143236	false	C252A,G267A,C270T,G297A,G312T,A318G,A351G,C375T,C378T,A427G,C441T,T444C,G457A,A463G,A484G,C509T,T510C,C528A,T534C,G625A,G629A,A667G,C669A,G673A,A686G,G687A,C699T,T747C,T753C,T810C,G817A,G846A,G873A,G914A,T942C,C969T,G1218A,A1227T,T1377C,A1404G,G1521A,T1608C,C1611A,T1668C,C1782T,A1835G				HA1:I117V,HA1:A127T,HA1:N129D,HA1:K136E,HA1:P144L,HA1:N150K,HA1:E183K,HA1:G184E,HA1:N197E,HA1:A199T,HA1:K203R,HA1:V247I,HA1:R279K					G817A	0	0	1	1	1-83,562-570,991-1131,1134-1140,1852-1885	SigPep:1-15,HA1:1-2,HA1:162-164,HA1:305-347,HA2:1-4,HA2:6-7						4	0	good	0	15	-4	0	good	1						0		0	0	good		0	0	good	0				
7	m2-357RdT	C.5.5	Vic	V1A.3a.2	unassigned	HA1:25:NVT;HA1:59:NCT;HA1:145:NIT;HA1:166:NKT;HA1:233:NQT;HA1:304:NKS;HA1:333:NGT;HA2:145:NQT;HA2:171:NIT;HA2:184:NHT	0	good	48	0	0	0	76	0	13	0	0	10	5387	1	1885	0.9596816976127321	false	C252A,C270T,G297A,G312T,A316G,A318G,A351G,C375T,C378T,A427G,C441T,T444C,G457A,A463G,A484G,C509T,T510C,C528A,T534C,G628A,G629A,A667G,C669A,G673A,A686G,G687A,C699T,T747C,T753C,T810C,G846A,G873A,G914A,G921A,T942C,C969T,A1107G,G1119A,T1134C,A1212G,G1218A,A1227T,A1404G,G1521A,G1571A,T1668C,C1782T,A1835G				HA1:R80G,HA1:I117V,HA1:A127T,HA1:N129D,HA1:K136E,HA1:P144L,HA1:N150K,HA1:G184K,HA1:N197E,HA1:A199T,HA1:K203R,HA1:R279K,HA2:R151K			T1257C		A1212G,G1571A	1	0	2	3	1-58,568-570,1871-1885	SigPep:1-9,HA1:164						4	0	good	0	15	-2	0	good	3						0		0	0	good		0	0	good	0				
4	m2-CdyN3k	C.5.1	Vic	V1A.3a.2	unassigned	HA1:25:NVT;HA1:59:NCT;HA1:145:NIT;HA1:166:NKT;HA1:233:NQT;HA1:304:NKS;HA1:333:NGT;HA2:145:NQT;HA2:171:NIT;HA2:184:NHT	0	good	49	0	0	0	74	0	14	0	0	10	5385	1	1885	0.9607427055702917	false	C252A,G267A,C270T,G297A,G312T,A318G,A351G,C375T,C378T,A427G,C441T,T444C,G457A,G460A,A463G,A484G,C509T,T510C,C528A,T534C,G625A,G629A,A667G,C669A,G673A,C683T,A686G,C699T,T747C,T753C,T810C,G846A,G873A,G914A,T942C,C969T,A1107G,G1119A,T1134C,G1218A,A1227T,T1377C,A1404G,G1521A,T1608C,C1611A,T1668C,C1782T,A1835G				HA1:I117V,HA1:A127T,HA1:E128K,HA1:N129D,HA1:K136E,HA1:P144L,HA1:N150K,HA1:E183K,HA1:G184E,HA1:N197E,HA1:A199T,HA1:A202V,HA1:K203R,HA1:R279K						0	0	0	0	1-60,570,1873-1885	SigPep:1-9,HA1:164						4	0	good	0	15	-5	0	good	0						0		0	0	good		0	0	good	0				
6	m2-Bvnu3e	C.5.1	Vic	V1A.3a.2	unassigned	HA1:59:NCT;HA1:145:NIT;HA1:166:NKT;HA2:145:NQT;HA2:171:NIT;HA2:184:NHT	0	good	48	0	0	0	405	0	13	0	0	113	5058	1	1885	0.7851458885941645	false	C252A,G267A,C270T,G297A,G312T,A318G,A351G,C375T,C378T,A427G,C441T,T444C,G457A,G460A,A463G,A484G,C509T,T510C,C528A,T534C,G625A,G629A,A667G,C669A,G673A,A686G,G687A,C699T,T747C,T753C,A795G,G846A,T861C,G873A,G914A,T942C,G1218A,A1227T,T1377C,C1398T,A1404G,G1521A,T1608C,C1611A,T1668C,T1677C,C1782T,A1835G				HA1:I117V,HA1:A127T,HA1:E128K,HA1:N129D,HA1:K136E,HA1:P144L,HA1:N150K,HA1:E183K,HA1:G184E,HA1:N197E,HA1:A199T,HA1:K203R,HA1:R279K					A795G,T861C,C1398T,T1677C	0	0	4	4	1-94,158-160,562-570,770-786,788-792,802-834,967-1169,1845-1885	SigPep:1-15,HA1:1-6,HA1:27-28,HA1:162-164,HA1:231-238,HA1:242-252,HA1:297-347,HA2:1-17						4	0	good	0	15	-1	0	good	4						0		0	0	good		0	0	good	0				
9	m2-uGN5sK	C.5.6	Vic	V1A.3a.2	unassigned	HA1:25:NVT;HA1:59:NCT;HA1:145:NIT;HA1:166:NKT;HA1:233:NQT;HA2:145:NQT;HA2:171:NIT;HA2:184:NHT	0	good	46	0	0	0	240	0	9	0	0	66	5231	1	1885	0.8726790450928382	false	A84G,C252A,C270T,G297A,G312T,A318G,A351G,C375T,C378T,A427G,A435G,C441T,T444C,C447T,T456C,G457A,A484G,C509T,T510C,C528A,T534C,C555T,G629A,A667G,C669A,A686G,G687A,C699T,T747C,T753C,T777C,T810C,T843C,G846A,G873A,G914A,T942C,C969T,G1218A,A1227T,A1404G,G1521A,C1656T,T1668C,C1782T,A1835G				HA1:I117V,HA1:A127T,HA1:K136E,HA1:P144L,HA1:N150K,HA1:G184E,HA1:N197E,HA1:K203R,HA1:R279K						0	0	0	0	1-58,568-570,990-1153,1871-1885	SigPep:1-9,HA1:164,HA1:304-347,HA2:1-12						4	0	good	0	15	-5	0	good	0						0		0	0	good		0	0	good	0				
11	m2-iAMjS3	C.5.1	Vic	V1A.3a.2	unassigned	HA1:25:NVT;HA1:59:NCT;HA1:145:NIT;HA1:166:NKT;HA1:233:NQT;HA1:304:NKS;HA2:145:NQT;HA2:171:NIT;HA2:184:NHT	0	good	48	0	0	0	114	0	13	0	0	16	5349	1	1885	0.9395225464190982	false	C252A,G267A,C270T,G297A,G312T,A318G,A351G,C375T,C378T,A427G,C441T,T444C,G457A,G460A,A463G,A484G,C509T,T510C,C528A,T534C,G625A,G629A,A667G,C669A,G673A,A686G,C699T,T747C,T753C,T810C,G846A,G873A,G914A,T942C,C969T,A1107G,G1119A,T1134C,G1218A,A1227T,T1377C,A1404G,G1521A,T1608C,C1611A,T1668C,C1782T,A1835G				HA1:I117V,HA1:A127T,HA1:E128K,HA1:N129D,HA1:K136E,HA1:P144L,HA1:N150K,HA1:E183K,HA1:G184E,HA1:N197E,HA1:A199T,HA1:K203R,HA1:R279K						0	0	0	0	1-68,567-570,1076-1080,1849-1885	SigPep:1-12,HA1:163-164,HA1:333-334						4	0	good	0	15	-5	0	good	0						0		0	0	good		0	0	good	0				
3	m2-RnGqmM	C.5	Vic	V1A.3a.2	unassigned	HA1:25:NVT;HA1:59:NCT;HA1:145:NIT;HA1:166:NKT;HA1:233:NQT;HA1:304:NKS;HA1:333:NGT;HA2:145:NQT;HA2:171:NIT;HA2:184:NHT	0	good	46	9	0	0	51	0	12	3	0	6	5386	1	1885	0.9729442970822281	false	G96A,C252A,C270T,G297A,G312T,A318G,A351G,C375T,C378T,A427G,C441T,T444C,G457A,A463G,A477G,A484G,C509T,T510C,C519T,C528A,T534C,G625A,G629A,A667G,C669A,G673A,A686G,G687A,C699T,T747C,T753C,T810C,G846A,G873A,G914A,C969T,A1107G,G1119A,T1134C,G1218A,A1227T,A1404G,G1521A,T1668C,C1782T,A1835G	562-570			HA1:I117V,HA1:A127T,HA1:N129D,HA1:K136E,HA1:P144L,HA1:N150K,HA1:E183K,HA1:G184E,HA1:N197E,HA1:A199T,HA1:K203R,HA1:R279K	HA1:K162-,HA1:N163-,HA1:D164-				G96A	0	0	1	1	1-48,52-53,1885	SigPep:1-5,SigPep:7						4	0	good	0	15	-4	0	good	1						0		0	0	good		0	0	good	0				
12	m2-4VEsBg	C.3	Vic	V1A.3a.2	unassigned	HA1:25:NVT;HA1:59:NCT;HA1:145:NIT;HA1:166:NKT;HA1:233:NQT;HA2:145:NQT;HA2:171:NIT;HA2:184:NHT	0	good	41	0	0	0	394	0	13	0	0	105	5097	1	1885	0.7909814323607427	false	T159C,C252A,C270T,G297A,G312T,A318G,C375T,C378T,C420T,A427G,C441T,T444C,G457A,G460A,A463G,A484G,C509T,T510C,T534C,C539A,G629A,A667G,G673A,A686G,C699T,T700C,T747C,T753C,T810C,G846A,G873A,A882G,G914A,T942C,A1227T,A1404G,G1548A,T1668C,G1713A,C1782T,G1794A				HA1:I117V,HA1:A127T,HA1:E128K,HA1:N129D,HA1:K136E,HA1:P144L,HA1:A154E,HA1:G184E,HA1:N197D,HA1:A199T,HA1:K203R,HA1:S208P,HA1:R279K					C420T,G1548A	0	0	2	2	1-95,526-533,562-570,930-936,943-1165,1834-1885	SigPep:1-15,HA1:1-6,HA1:150-152,HA1:162-164,HA1:284-286,HA1:289-347,HA2:1-16						4	0	good	0	15	-3	0	good	2						0		0	0	good		0	0	good	0				
13	m2-37mqBc	C.5.1	Vic	V1A.3a.2	unassigned	HA1:145:NIT;HA1:166:NKT;HA2:171:NIT;HA2:184:NHT	0	good	31	0	0	0	789	0	6	0	0	240	4742	1	1885	0.5814323607427055	false	G267A,C270T,G297A,G312T,A318G,A351G,C375T,C378T,G399A,A427G,A484G,C509T,T510C,C528A,T534C,G625A,C699T,T747C,T753C,T810C,G846A,G914A,T942C,G1218A,A1227T,T1377C,A1404G,T1608C,C1611A,T1668C,C1782T				HA1:I117V,HA1:K136E,HA1:P144L,HA1:N150K,HA1:E183K,HA1:R279K					G399A	0	0	1	1	1-261,436-457,463-466,477-479,562-570,629-679,683-687,751,754-756,760-791,866-867,870-886,961-1184,1486-1506,1516-1550,1554-1571,1579-1602,1829-1885	SigPep:1-15,HA1:1-61,HA1:120-127,HA1:129-130,HA1:134,HA1:162-164,HA1:184-203,HA1:225-226,HA1:228-238,HA1:263-270,HA1:295-347,HA2:1-22,HA2:123-129,HA2:133-151,HA2:154-161						4	0	good	0	15	-4	0	good	1						0		0	0	good		0	0	good	0				
10	m2-xw6CDX	C.5.1	Vic	V1A.3a.2	unassigned		0	good	11	0	0	0	1531	0	2	0	0	476	4080	1	1885	0.18779840848806367	false	G297A,G312T,A318G,A351G,A463G,A484G,G625A,T1377C,A1404G,T1506A,C1782T				HA1:N129D,HA1:K136E						0	0	0	0	1-283,289-292,321,365-379,417-446,449-454,457-461,480,509-544,555-578,626-1376,1411-1438,1447-1504,1508-1521,1531-1677,1724-1732,1734-1760,1794-1885	SigPep:1-15,HA1:1-69,HA1:71-72,HA1:96-101,HA1:114-128,HA1:144-156,HA1:160-167,HA1:183-347,HA2:1-86,HA2:98-107,HA2:110-134,HA2:138-186,HA2:202-214						4	0	good	0	15	-5	0	good	0						0		0	0	good		0	0	good	0				
17	m2-DkAxP2	C.5.7	Vic	V1A.3a.2	unassigned	HA1:25:NVT;HA1:59:NCT;HA1:145:NIT;HA1:166:NKT;HA1:233:NQT;HA1:304:NKS;HA1:333:NGT;HA2:145:NQT;HA2:171:NIT;HA2:184:NHT	0	good	52	0	0	0	91	0	13	0	0	13	5356	1	1885	0.9517241379310345	false	T195C,C252A,C270T,G297A,G312T,A318G,A351G,C375T,C378T,T402C,A427G,C441T,T444C,G457A,A461G,A463G,A484G,C509T,T510C,C528A,T534C,G625A,G629A,A667G,C669A,G673A,C674T,A686G,G687A,C699T,T747C,T753C,T810C,G846A,G873A,G914A,C969T,A1107G,G1119A,T1134C,G1218A,A1227T,C1398T,A1404G,G1470A,G1521A,T1668C,T1686C,C1782T,A1819G,A1835G,C1836T				HA1:I117V,HA1:A127T,HA1:E128G,HA1:N129D,HA1:K136E,HA1:P144L,HA1:N150K,HA1:E183K,HA1:G184E,HA1:N197E,HA1:A199I,HA1:K203R,HA1:R279K					C674T,C1398T,G1470A,C1836T	0	0	4	4	1-68,568-570,1866-1885	SigPep:1-12,HA1:164						4	0	good	0	15	-1	0	good	4						0		0	0	good		0	0	good	0				
8	m2-4VxKmQ	C	Vic	V1A.3a.2	unassigned	HA2:184:NHT	0	good	2	0	0	0	1673	0	0	0	0	518	3974	1	1885	0.11246684350132626	false	G1521A,T1668C										0	0	0	0	1-329,338-340,348-1264,1270-1311,1317-1320,1331-1337,1339-1347,1371-1376,1386-1404,1412-1506,1535-1647,1757-1885	SigPep:1-15,HA1:1-84,HA1:87-88,HA1:91-347,HA2:1-49,HA2:51-64,HA2:67,HA2:71-76,HA2:85-86,HA2:90-95,HA2:98-129,HA2:139-176,HA2:213-224						4	0	good	0	15	-5	0	good	0						0		0	0	good		0	0	good	0				
15	m2-hPD72F	C.5.1	Vic	V1A.3a.2	unassigned	HA1:25:NVT;HA1:59:NCT;HA1:145:NIT;HA1:166:NKT;HA1:233:NQT;HA1:304:NKS;HA2:145:NQT;HA2:171:NIT;HA2:184:NHT	0	good	50	0	0	0	124	0	12	0	0	27	5331	1	1885	0.9342175066312998	false	C172T,C252A,G267A,C270T,G297A,G312T,A318G,A351G,C375T,C378T,A427G,C441T,T444C,G457A,A463G,A484G,C509T,T510C,C528A,T534C,G625A,G629A,A667G,C669A,G673A,A686G,G687A,C699T,A723G,T747C,T753C,T810C,G846A,G873A,G914A,T942C,C969T,A1107G,G1119A,T1134C,G1218A,A1227T,T1377C,A1404G,G1521A,T1608C,C1611A,T1668C,C1782T,A1835G				HA1:I117V,HA1:A127T,HA1:N129D,HA1:K136E,HA1:P144L,HA1:N150K,HA1:E183K,HA1:G184E,HA1:N197E,HA1:A199T,HA1:K203R,HA1:R279K					C172T	0	0	1	1	1-67,568-570,1052-1090,1871-1885	SigPep:1-12,HA1:164,HA1:325-338						4	0	good	0	15	-4	0	good	1						0		0	0	good		0	0	good	0				
19	m2-NMp4NB	C.5.1	Vic	V1A.3a.2	unassigned	HA1:25:NVT;HA1:59:NCT;HA1:145:NIT;HA1:166:NKT;HA1:233:NQT;HA1:304:NKS;HA1:333:NGT;HA2:145:NQT;HA2:171:NIT;HA2:184:NHT	0	good	50	0	0	0	72	0	12	0	0	10	5383	1	1885	0.9618037135278514	false	C172T,C252A,G267A,C270T,G297A,G312T,A318G,A351G,C375T,C378T,A427G,C441T,T444C,G457A,A463G,A484G,C509T,T510C,C528A,T534C,G625A,G629A,A667G,C669A,G673A,A686G,G687A,C699T,A723G,T747C,T753C,T810C,G846A,G873A,G914A,T942C,C969T,A1107G,G1119A,T1134C,G1218A,A1227T,T1377C,A1404G,G1521A,T1608C,C1611A,T1668C,C1782T,A1835G				HA1:I117V,HA1:A127T,HA1:N129D,HA1:K136E,HA1:P144L,HA1:N150K,HA1:E183K,HA1:G184E,HA1:N197E,HA1:A199T,HA1:K203R,HA1:R279K					C172T	0	0	1	1	1-58,568-570,1875-1885	SigPep:1-9,HA1:164						4	0	good	0	15	-4	0	good	1						0		0	0	good		0	0	good	0				
16	m2-b3vnfe	C.5.1	Vic	V1A.3a.2	unassigned	HA1:25:NVT;HA1:59:NCT;HA1:145:NIT;HA1:166:NKT;HA1:233:NQT;HA1:304:NKS;HA1:333:NGT;HA2:145:NQT;HA2:171:NIT;HA2:184:NHT	0	good	50	0	0	0	79	0	12	0	0	11	5376	1	1885	0.9580901856763926	false	C172T,C252A,G267A,C270T,G297A,G312T,A318G,A351G,C375T,C378T,A427G,C441T,T444C,G457A,A463G,A484G,C509T,T510C,C528A,T534C,G625A,G629A,A667G,C669A,G673A,A686G,G687A,C699T,A723G,T747C,T753C,T810C,G846A,G873A,G914A,T942C,C969T,A1107G,G1119A,T1134C,G1218A,A1227T,T1377C,A1404G,G1521A,T1608C,C1611A,T1668C,C1782T,A1835G				HA1:I117V,HA1:A127T,HA1:N129D,HA1:K136E,HA1:P144L,HA1:N150K,HA1:E183K,HA1:G184E,HA1:N197E,HA1:A199T,HA1:K203R,HA1:R279K					C172T	0	0	1	1	1-61,568-570,1871-1885	SigPep:1-10,HA1:164						4	0	good	0	15	-4	0	good	1						0		0	0	good		0	0	good	0				
20	m2-hYvKaP	C.5.6	Vic	V1A.3a.2	unassigned	HA1:25:NVT;HA1:59:NCT;HA1:145:NIT;HA1:166:NKT;HA1:233:NQT;HA1:304:NKS;HA1:333:NGT;HA2:145:NQT;HA2:171:NIT;HA2:184:NHT	0	good	52	0	0	0	71	0	10	0	0	10	5376	1	1885	0.9623342175066313	false	A84G,G124A,C252A,C270T,G297A,G312T,A318G,A351G,C375T,C378T,A427G,A435G,C441T,T444C,C447T,T456C,G457A,A484G,C509T,T510C,C528A,T534C,C555T,G629A,A667G,C669A,A686G,G687A,C699T,T747C,T753C,T777C,T810C,T843C,G846A,G873A,G914A,T942C,C969T,C990T,A1107G,G1119A,T1134C,A1149G,G1218A,A1227T,A1404G,G1521A,C1656T,T1668C,C1782T,A1835G				HA1:V16I,HA1:I117V,HA1:A127T,HA1:K136E,HA1:P144L,HA1:N150K,HA1:G184E,HA1:N197E,HA1:K203R,HA1:R279K					G124A	0	0	1	1	1-53,55-58,570,1873-1885	SigPep:1-9,HA1:164						4	0	good	0	15	-4	0	good	1						0		0	0	good		0	0	good	0				
14	m2-Xo2ZNk	C.5.7	Vic	V1A.3a.2	unassigned	HA1:25:NVT;HA1:59:NCT;HA1:145:NIT;HA1:166:NKT;HA1:233:NQT;HA1:304:NKS;HA1:333:NGT;HA2:145:NQT;HA2:171:NIT;HA2:184:NHT	0	good	50	0	0	0	62	0	13	0	0	10	5393	1	1885	0.9671087533156498	false	C111T,T195C,C252A,C270T,G297A,C309T,G312T,A318G,A351G,C375T,C378T,A427G,C441T,T444C,G457A,A461G,A463G,A484G,C509T,C528A,T534C,G625A,G629A,A667G,C669A,G673A,A686G,G687A,C699T,T747C,T753C,T810C,G846A,G873A,G914A,A957G,C969T,A1107G,G1119A,T1134C,G1218A,A1227T,A1404G,G1521A,T1563C,C1617T,T1668C,C1782T,A1819G,A1835G				HA1:I117V,HA1:A127T,HA1:E128G,HA1:N129D,HA1:K136E,HA1:P144L,HA1:N150K,HA1:E183K,HA1:G184E,HA1:N197E,HA1:A199T,HA1:K203R,HA1:R279K			C510T			1	0	0	1	1-58,568-570,1885	SigPep:1-9,HA1:164						4	0	good	0	15	-4	0	good	1						0		0	0	good		0	0	good	0				
23	m2-wnuNvT	C.5.7	Vic	V1A.3a.2	unassigned	HA1:25:NVT;HA1:59:NCT;HA1:145:NIT;HA1:166:NKT;HA1:233:NQT;HA1:304:NKS;HA1:333:NGT;HA2:145:NQT;HA2:171:NIT;HA2:184:NHT	0	good	49	0	0	0	95	0	13	0	0	18	5364	1	1885	0.9496021220159151	false	T195C,C252A,C270T,G297A,G312T,A318G,A351G,C375T,C378T,T402C,A427G,C441T,T444C,G457A,A461G,A463G,A484G,C509T,T510C,C519T,C528A,T534C,G625A,G629A,T663C,A667G,C669A,G673A,A686G,G687A,C699T,T747C,T753A,T810C,G846A,G873A,G914A,C969T,A1107G,T1147C,G1218A,A1227T,A1404G,G1521A,T1668C,T1686C,C1782T,A1819G,A1835G				HA1:I117V,HA1:A127T,HA1:E128G,HA1:N129D,HA1:K136E,HA1:P144L,HA1:N150K,HA1:E183K,HA1:G184E,HA1:N197E,HA1:A199T,HA1:K203R,HA1:R279K					C519T	0	0	1	1	1-67,568-570,1119-1120,1129-1136,1871-1885	SigPep:1-12,HA1:164,HA1:347,HA2:1,HA2:4-6						4	0	good	0	15	-4	0	good	1						0		0	0	good		0	0	good	0				
21	m2-qEvaf6	C.5.6	Vic	V1A.3a.2	unassigned	HA1:25:NVT;HA1:59:NCT;HA1:145:NIT;HA1:166:NKT;HA1:233:NQT;HA1:304:NKS;HA1:333:NGT;HA2:145:NQT;HA2:171:NIT;HA2:184:NHT	1.777778	good	51	0	0	0	74	0	11	0	0	10	5377	1	1885	0.9607427055702917	false	A219C,C252A,C270T,G297A,G312T,A318G,C375T,C378T,A427G,A435G,C441T,T444C,T456C,G457A,A484G,C509T,T510C,C528A,T534C,C555T,G629A,A667G,C669A,G673A,A686G,G687A,C699T,T747C,T753C,T810C,G832A,G846A,G873A,G914A,T942C,C969T,G1053A,A1107G,G1119A,T1134C,A1149G,G1218A,A1227T,A1299G,A1401G,A1404G,G1482A,G1521A,T1668C,C1782T,A1835G				HA1:I117V,HA1:A127T,HA1:K136E,HA1:P144L,HA1:N150K,HA1:G184E,HA1:N197E,HA1:A199T,HA1:K203R,HA1:V252M,HA1:R279K			G351A		A219C,G832A,G1053A,A1299G,A1401G,G1482A	1	0	6	7	1-58,569-570,1872-1885	SigPep:1-9,HA1:164						4	0	good	0	15	2	13.333333	good	7						0		0	0	good		0	0	good	0				
24	m2-4VDu4S	C.5.1	Vic	V1A.3a.2	unassigned	HA1:25:NVT;HA1:59:NCT;HA1:145:NIT;HA1:166:NKT;HA1:233:NQT;HA1:304:NKS;HA1:333:NGT;HA2:145:NQT;HA2:171:NIT;HA2:184:NHT	0	good	49	0	0	0	76	0	12	0	0	10	5383	1	1885	0.9596816976127321	false	C252A,G267A,C270T,G297A,G312T,A318G,A351G,C375T,C378T,A427G,C441T,T444C,G457A,A463G,A484G,C509T,T510C,C528A,T534C,G625A,G629A,A667G,C669A,G673A,A686G,G687A,C699T,T747C,T753C,T810C,G846A,G873A,G914A,T942C,C969T,A1107G,G1119A,T1134C,G1218A,A1227T,T1377C,A1404G,G1521A,T1608C,C1611A,T1668C,C1782T,A1835G,T1841C				HA1:I117V,HA1:A127T,HA1:N129D,HA1:K136E,HA1:P144L,HA1:N150K,HA1:E183K,HA1:G184E,HA1:N197E,HA1:A199T,HA1:K203R,HA1:R279K					T1841C	0	0	1	1	1-58,568-570,1871-1885	SigPep:1-9,HA1:164						4	0	good	0	15	-4	0	good	1						0		0	0	good		0	0	good	0				
18	m2-HqYEku	C.5.7	Vic	V1A.3a.2	unassigned	HA1:25:NVT;HA1:59:NCT;HA1:145:NIT;HA1:166:NKT;HA1:233:NQT;HA2:145:NQT;HA2:171:NIT;HA2:184:NHT	0	good	45	0	0	0	369	0	12	0	0	99	5106	1	1885	0.8042440318302387	false	T195C,C252A,C270T,G297A,G312T,A318G,A351G,C375T,C378T,A427G,C441T,T444C,G457A,A461G,A463G,A484G,C509T,T510C,C528A,T534C,G625A,G629A,A667G,C669A,G673A,A686G,G687A,C699T,T747C,T753C,C828T,G846A,G873A,G885A,C969T,A1176G,G1218A,A1227T,A1404G,G1515A,G1521A,T1668C,C1782T,A1819G,A1835G				HA1:I117V,HA1:A127T,HA1:E128G,HA1:N129D,HA1:K136E,HA1:P144L,HA1:N150K,HA1:E183K,HA1:G184E,HA1:N197E,HA1:A199T,HA1:K203R					G885A,A1176G,G1515A	0	0	3	3	1-149,562-570,800-812,906-920,995-1134,1843-1885	SigPep:1-15,HA1:1-24,HA1:162-164,HA1:241-245,HA1:277-281,HA1:306-347,HA2:1-5						4	0	good	0	15	-2	0	good	3						0		0	0	good		0	0	good	0				
28	51199_1_13|28.01.2025|Switzerland|AG	C.5.1	Vic	V1A.3a.2	unassigned	HA1:25:NVT;HA1:59:NCT;HA1:145:NIT;HA1:166:NKT;HA1:233:NQT;HA1:304:NKS;HA1:333:NGT;HA2:145:NQT;HA2:171:NIT;HA2:184:NHT	0	good	51	9	0	0	0	0	13	3	0	0	5330	15	1870	0.9846153846153847	false	C252A,G267A,C270T,G297A,G312T,A318G,A351G,C375T,C378T,A427G,C441T,T444C,G457A,G460A,A463G,A484G,C509T,T510C,C528A,T534C,G625A,G629A,C645T,A667G,C669A,G673A,A686G,G687A,C699T,T747C,T753C,T810C,G846A,G873A,G914A,T942C,C969T,A1107G,G1119A,T1134C,G1218A,A1227T,T1377C,A1404G,G1521A,T1608C,C1611A,T1641C,T1668C,C1782T,A1835G	562-570			HA1:I117V,HA1:A127T,HA1:E128K,HA1:N129D,HA1:K136E,HA1:P144L,HA1:N150K,HA1:E183K,HA1:G184E,HA1:N197E,HA1:A199T,HA1:K203R,HA1:R279K	HA1:K162-,HA1:N163-,HA1:D164-				T1641C	0	0	1	1								4	0	good	0	15	-4	0	good	1						0		0	0	good		0	0	good	0				
25	m2-4Bx73L	C.5.4	Vic	V1A.3a.2	unassigned	HA1:25:NVT;HA1:59:NCT;HA1:145:NIT;HA1:166:NKT;HA1:233:NQT;HA2:145:NQT;HA2:171:NIT;HA2:184:NHT	0	good	39	0	0	0	462	0	12	0	0	127	5037	1	1885	0.7549071618037135	false	T207C,C252A,C270T,G297A,G312T,A318G,A351G,C375T,C378T,C441T,T444C,G457A,G460A,A463G,A484G,G501A,C509T,T510C,C528A,T534C,G538A,G629A,A667G,C669A,G673A,A686G,G687A,C699T,T747C,T753C,T810C,G873A,T942C,G1213A,A1227T,A1404G,G1521A,T1668C,C1782T				HA1:A127T,HA1:E128K,HA1:N129D,HA1:K136E,HA1:P144L,HA1:N150K,HA1:A154T,HA1:G184E,HA1:N197E,HA1:A199T,HA1:K203R,HA2:V32I					T207C	0	0	1	1	1-95,562-570,816-868,911-919,943-1181,1829-1885	SigPep:1-15,HA1:1-6,HA1:162-164,HA1:246-264,HA1:278-281,HA1:289-347,HA2:1-21						4	0	good	0	15	-4	0	good	1						0		0	0	good		0	0	good	0				
29	51199_1_54|02.12.2024|Switzerland|VD	C.5.1	Vic	V1A.3a.2	unassigned	HA1:25:NVT;HA1:59:NCT;HA1:145:NIT;HA1:166:NKT;HA1:233:NQT;HA1:304:NKS;HA1:333:NGT;HA2:145:NQT;HA2:171:NIT;HA2:184:NHT	0	good	52	9	0	0	0	0	16	3	0	0	5032	34	1791	0.9326259946949602	false	T65C,C123T,C252A,G267A,C270T,G297A,G312T,A318G,A351G,C375T,C378T,A427G,C441T,T444C,G457A,G460A,A463G,A484G,C509T,T510C,C528A,T534C,C539A,G625A,G629A,A667G,C669A,G673A,A679T,A686G,G687A,C699T,T747C,T753C,T810C,G846A,G873A,G914A,T942C,C969T,A1107G,G1119A,T1134C,G1218A,A1227T,T1377C,A1404G,G1521A,T1608C,C1611A,T1668C,C1782T	562-570			HA1:I117V,HA1:A127T,HA1:E128K,HA1:N129D,HA1:K136E,HA1:P144L,HA1:N150K,HA1:A154E,HA1:E183K,HA1:G184E,HA1:N197E,HA1:A199T,HA1:M201L,HA1:K203R,HA1:R279K,SigPep:V11A	HA1:K162-,HA1:N163-,HA1:D164-				C123T,C539A,A679T	0	0	3	3								4	0	good	0	15	-2	0	good	3						0		0	0	good		0	0	good	0				
31	51199_1_71|25.11.2024|Switzerland|AG	C.5.6	Vic	V1A.3a.2	unassigned	HA1:25:NVT;HA1:59:NCT;HA1:145:NIT;HA1:166:NKT;HA1:233:NQT;HA1:304:NKS;HA1:333:NGT;HA2:145:NQT;HA2:171:NIT;HA2:184:NHT	0	good	50	9	0	0	0	0	12	3	0	0	5334	15	1870	0.9846153846153847	false	C252A,C270T,G297A,G312T,A318G,A351G,C375T,C378T,A427G,A435G,C441T,T444C,A455G,T456C,G457A,A484G,C509T,T510C,C528A,T534C,G538A,C555T,G629A,A667G,C669A,G673A,A686G,G687A,C699T,T747C,T753C,T810C,G846A,G873A,G914A,T942C,C969T,G1071A,A1107G,G1119A,T1134C,A1149G,G1218A,A1227T,A1404G,G1521A,T1668C,C1782T,T1826C,A1835G	562-570			HA1:I117V,HA1:N126S,HA1:A127T,HA1:K136E,HA1:P144L,HA1:N150K,HA1:A154T,HA1:G184E,HA1:N197E,HA1:A199T,HA1:K203R,HA1:R279K	HA1:K162-,HA1:N163-,HA1:D164-				A455G,G538A,G1071A,T1826C	0	0	4	4								4	0	good	0	15	-1	0	good	4						0		0	0	good		0	0	good	0				
33	51199_2_27|14.02.2025|Switzerland|BL	C.5.1	Vic	V1A.3a.2	unassigned	HA1:25:NVT;HA1:59:NCT;HA1:145:NIT;HA1:166:NKT;HA1:233:NQT;HA1:304:NKS;HA1:333:NGT;HA2:145:NQT;HA2:171:NIT;HA2:184:NHT	0	good	53	9	0	0	0	0	14	3	0	0	5028	34	1791	0.9326259946949602	false	T65C,C172T,C252A,G267A,C270T,G297A,G312T,A318G,A351G,C375T,C378T,A427G,C441T,T444C,T450C,G457A,G460A,A463G,A484G,C509T,T510C,C528A,T534C,G625A,G629A,A667G,C669A,G673A,A686G,G687A,C699T,C732T,T747C,T753C,T810C,G846A,G873A,G914A,T942C,C969T,A1107G,G1119A,T1134C,G1218A,A1227T,T1377C,A1383G,A1404G,G1521A,T1608C,C1611A,T1668C,C1782T	562-570			HA1:I117V,HA1:A127T,HA1:E128K,HA1:N129D,HA1:K136E,HA1:P144L,HA1:N150K,HA1:E183K,HA1:G184E,HA1:N197E,HA1:A199T,HA1:K203R,HA1:R279K,SigPep:V11A	HA1:K162-,HA1:N163-,HA1:D164-				T450C,C732T	0	0	2	2								4	0	good	0	15	-3	0	good	2						0		0	0	good		0	0	good	0				
22	m2-Qw6j9Q	C.5.1	Vic	V1A.3a.2	unassigned	HA1:25:NVT;HA1:59:NCT;HA1:145:NIT;HA1:166:NKT;HA1:233:NQT;HA1:304:NKS;HA2:145:NQT;HA2:171:NIT;HA2:184:NHT	0.444444	good	55	0	0	0	98	0	12	0	0	22	5337	1	1885	0.9480106100795755	false	C252A,G267A,C270T,G297A,G312T,A318G,A351G,C375T,C378T,A427G,C441T,T444C,G457A,A463G,A468G,A484G,C509T,T510C,C528A,T534C,G625A,G629A,A667G,C669A,G673A,A686G,G687A,C699T,T747C,T753C,T810C,G846A,A849G,G873A,G914A,T942C,C969T,A1107G,G1119A,T1122G,T1134C,G1218A,A1227T,T1377C,A1404G,G1521A,T1608C,C1611A,T1668C,C1782T,A1790G,A1809G,A1819G,A1835G,A1851G				HA1:I117V,HA1:A127T,HA1:N129D,HA1:K136E,HA1:P144L,HA1:N150K,HA1:E183K,HA1:G184E,HA1:N197E,HA1:A199T,HA1:K203R,HA1:R279K					A849G,T1122G,A1790G,A1809G,A1819G,A1851G	0	0	6	6	1-63,568-570,1054-1084,1885	SigPep:1-10,HA1:164,HA1:326-336						4	0	good	0	15	1	6.666667	good	6						0		0	0	good		0	0	good	0				
32	51199_2_20|20.02.2025|Switzerland|ZH	C.5.1	Vic	V1A.3a.2	unassigned	HA1:25:NVT;HA1:59:NCT;HA1:145:NIT;HA1:166:NKT;HA1:233:NQT;HA1:304:NKS;HA1:333:NGT;HA2:145:NQT;HA2:171:NIT;HA2:184:NHT	0	good	52	9	0	0	0	0	14	3	0	0	5032	34	1791	0.9326259946949602	false	T65C,C252A,G267A,C270T,G297A,G312T,A318G,A351G,C375T,C378T,A427G,C441T,T444C,G457A,G460A,A463G,A484G,C509T,T510C,C528A,T534C,G625A,G629A,G654A,A667G,C669A,G673A,A686G,G687A,C699T,T747C,T753C,T810C,G846A,G873A,G894A,G914A,T942C,C969T,G1065A,A1107G,G1119A,T1134C,G1218A,A1227T,T1377C,A1404G,G1521A,T1608C,C1611A,T1668C,C1782T	562-570			HA1:I117V,HA1:A127T,HA1:E128K,HA1:N129D,HA1:K136E,HA1:P144L,HA1:N150K,HA1:E183K,HA1:G184E,HA1:N197E,HA1:A199T,HA1:K203R,HA1:R279K,SigPep:V11A	HA1:K162-,HA1:N163-,HA1:D164-				G654A,G1065A	0	0	2	2								4	0	good	0	15	-3	0	good	2						0		0	0	good		0	0	good	0				
34	51199_2_29|21.02.2025|Switzerland|BL	C.5.1	Vic	V1A.3a.2	unassigned	HA1:25:NVT;HA1:59:NCT;HA1:145:NIT;HA1:166:NKT;HA1:233:NQT;HA1:304:NKS;HA1:333:NGT;HA2:145:NQT;HA2:171:NIT;HA2:184:NHT	6.250000	good	55	9	0	0	16	1	14	3	0	1	5298	15	1870	0.9755968169761273	false	T65C,C172T,C252A,G267A,C270T,G297A,G312T,A318G,A351G,C375T,C378T,A427G,C441T,T444C,G457A,G460A,A463G,A484G,C509T,T510C,C528A,T534C,G625A,G629A,A667G,C669A,G673A,A686G,G687A,C699T,T747C,T753C,T810C,G846A,G873A,G914A,T942C,C969T,A1107G,G1119A,T1134C,G1218A,A1227T,T1377C,A1383G,A1404G,T1425C,G1521A,T1608C,C1611A,T1668C,G1713A,C1782T,G1822A,A1835G	562-570			HA1:I117V,HA1:A127T,HA1:E128K,HA1:N129D,HA1:K136E,HA1:P144L,HA1:N150K,HA1:E183K,HA1:G184E,HA1:N197E,HA1:A199T,HA1:K203R,HA1:R279K,SigPep:V11A	HA1:K162-,HA1:N163-,HA1:D164-				T1425C,G1713A	0	0	2	2	15-30	SigPep:2	M:37					4	25	good	1	15	-3	0	good	2						0		0	0	good		0	0	good	0				
27	m2-ex4d6T	C.5.7	Vic	V1A.3a.2	unassigned	HA1:25:NVT;HA1:59:NCT;HA1:145:NIT;HA1:166:NKT;HA1:233:NQT;HA1:304:NKS;HA1:333:NGT;HA2:145:NQT;HA2:171:NIT;HA2:184:NHT	0	good	47	0	0	0	77	0	12	0	0	10	5390	1	1885	0.9591511936339523	false	A177G,T195C,C252A,C270T,G297A,G312T,A318G,A351G,C375T,C378T,A427G,C441T,T444C,G457A,A461G,A484G,C509T,T510C,C528A,T534C,G568A,G625A,G629A,A667G,C669A,G673A,A686G,G687A,C699T,T747C,T753C,T810C,G846A,G873A,G914A,C969T,A1107G,G1119A,T1134C,G1218A,A1227T,T1242C,A1404G,G1521A,T1668C,C1782T,A1835G				HA1:I117V,HA1:A127T,HA1:E128G,HA1:K136E,HA1:P144L,HA1:N150K,HA1:E183K,HA1:G184E,HA1:N197E,HA1:A199T,HA1:K203R,HA1:R279K			G870A,G1819A		-568A	2	0	1	3	1-60,569-570,1871-1885	SigPep:1-9,HA1:164						4	0	good	0	15	-2	0	good	3						0		0	0	good		0	0	good	0				
30	51199_1_56|05.12.2024|Switzerland|AG	C.5.7	Vic	V1A.3a.2	unassigned	HA1:25:NVT;HA1:59:NCT;HA1:145:NIT;HA1:166:NKT;HA1:233:NQT;HA1:304:NKS;HA1:333:NGT;HA2:145:NQT;HA2:171:NIT;HA2:184:NHT	0	good	51	9	0	0	0	0	13	3	0	0	5330	15	1870	0.9846153846153847	false	T195C,C252A,C270T,G297A,G312T,A318G,A351G,C375T,C378T,T402C,A427G,C441T,T444C,G457A,A461G,A463G,A484G,C509T,T510C,C528A,T534C,G625A,G629A,T663A,A667G,C669A,G673A,A686G,G687A,C699T,T747C,T753C,T810C,G846A,G873A,G914A,C969T,A1107G,A1110G,G1119A,T1134C,T1147C,G1218A,A1227T,A1404G,G1521A,T1668C,T1686C,C1782T,A1819G,A1835G	562-570			HA1:I117V,HA1:A127T,HA1:E128G,HA1:N129D,HA1:K136E,HA1:P144L,HA1:N150K,HA1:E183K,HA1:G184E,HA1:N197E,HA1:A199T,HA1:K203R,HA1:R279K	HA1:K162-,HA1:N163-,HA1:D164-				C663A,A1110G	0	0	2	2								4	0	good	0	15	-3	0	good	2						0		0	0	good		0	0	good	0				
26	m2-4R8qnW	C.5	Vic	V1A.3a.2	unassigned	HA2:145:NQT;HA2:171:NIT;HA2:184:NHT	0	good	8	0	0	0	1310	0	0	0	0	410	4313	1	1885	0.3050397877984085	false	G1218A,A1227T,T1377C,G1521A,T1608C,C1611A,T1668C,C1782T										0	0	0	0	1-545,550-728,731-1210,1285-1298,1304-1306,1391-1408,1589-1594,1604-1605,1823-1885	SigPep:1-15,HA1:1-156,HA1:158-347,HA2:1-31,HA2:56-60,HA2:62-63,HA2:91-97,HA2:157-159,HA2:162						4	0	good	0	15	-5	0	good	0						0		0	0	good		0	0	good	0				
35	51199_2_30|25.02.2025|Switzerland|GR	C.5.7	Vic	V1A.3a.2	unassigned	HA1:25:NVT;HA1:59:NCT;HA1:145:NIT;HA1:166:NKT;HA1:233:NQT;HA1:304:NKS;HA1:333:NGT;HA2:145:NQT;HA2:171:NIT;HA2:184:NHT	0	good	55	9	0	0	0	0	13	3	0	0	5314	15	1870	0.9846153846153847	false	C111T,G147A,T195C,C252A,C270T,G297A,C309T,G312T,A318G,A351G,C375T,C378T,A427G,C441T,T444C,G457A,A461G,A463G,A484G,C509T,T510C,C528A,T534C,G625A,G629A,C636T,A667G,C669A,G673A,A686G,G687A,C699T,T747C,T753C,T810C,G846A,G873A,G914A,A957G,C969T,T1098C,A1107G,G1119A,T1134C,G1218A,A1227T,A1335G,A1404G,G1521A,T1563C,C1617T,T1668C,C1782T,A1819G,A1835G	562-570			HA1:I117V,HA1:A127T,HA1:E128G,HA1:N129D,HA1:K136E,HA1:P144L,HA1:N150K,HA1:E183K,HA1:G184E,HA1:N197E,HA1:A199T,HA1:K203R,HA1:R279K	HA1:K162-,HA1:N163-,HA1:D164-				G147A,C636T	0	0	2	2								4	0	good	0	15	-3	0	good	2						0		0	0	good		0	0	good	0				
38	51607_1_34|20.03.2025|Switzerland|BS	C.5	Vic	V1A.3a.2	unassigned	HA1:25:NVT;HA1:59:NCT;HA1:145:NIT;HA1:166:NKT;HA1:233:NQT;HA1:304:NKS;HA1:333:NGT;HA2:145:NQT;HA2:171:NIT;HA2:184:NHT	0	good	53	9	0	0	0	0	12	3	0	0	5322	15	1870	0.9846153846153847	false	A117G,C252A,G267A,C270T,G297A,G312T,A318G,A351G,C375T,C378T,A427G,C441T,T444C,G457A,A463G,A484G,C509T,T510C,C528A,T534C,G583A,G625A,G629A,A667G,C669A,A686G,G687A,C699T,T747C,T753C,T810C,G846A,G873A,G894A,G914A,T942C,A954G,C969T,A1107G,G1119A,T1122G,T1134C,A1164G,G1218A,A1227T,A1404G,G1521A,T1608C,C1611A,T1668C,C1782T,T1799C,A1835G	562-570			HA1:I117V,HA1:A127T,HA1:N129D,HA1:K136E,HA1:P144L,HA1:N150K,HA1:A169T,HA1:E183K,HA1:G184E,HA1:N197E,HA1:K203R,HA1:R279K	HA1:K162-,HA1:N163-,HA1:D164-		G417A		A117G,G583A,T1122G,T1799C	1	0	4	5								4	0	good	0	15	0	0	good	5						0		0	0	good		0	0	good	0				
36	51199_2_34|14.02.2025|Switzerland|BL	C.5.1	Vic	V1A.3a.2	unassigned	HA1:25:NVT;HA1:59:NCT;HA1:145:NIT;HA1:166:NKT;HA1:233:NQT;HA1:304:NKS;HA1:333:NGT;HA2:145:NQT;HA2:171:NIT;HA2:184:NHT	0	good	52	9	0	0	0	0	14	3	0	0	5032	34	1791	0.9326259946949602	false	T65C,C252A,G267A,C270T,G297A,G312T,A318G,A351G,C375T,C378T,A427G,C441T,T444C,G457A,G460A,A463G,A484G,C509T,T510C,C528A,T534C,G625A,G629A,A667G,C669A,G673A,A686G,G687A,C699T,T747C,T753C,T810C,G846A,G873A,G914A,T942C,C969T,G999A,C1005T,A1107G,G1119A,T1134C,G1218A,A1227T,T1377C,A1404G,G1521A,C1566T,T1608C,C1611A,T1668C,C1782T	562-570			HA1:I117V,HA1:A127T,HA1:E128K,HA1:N129D,HA1:K136E,HA1:P144L,HA1:N150K,HA1:E183K,HA1:G184E,HA1:N197E,HA1:A199T,HA1:K203R,HA1:R279K,SigPep:V11A	HA1:K162-,HA1:N163-,HA1:D164-				G999A,C1005T	0	0	2	2								4	0	good	0	15	-3	0	good	2						0		0	0	good		0	0	good	0				
39	51607_1_87|02.04.2025|Switzerland|ZH	C.5.6	Vic	V1A.3a.2	unassigned	HA1:25:NVT;HA1:59:NCT;HA1:145:NIT;HA1:166:NKT;HA1:233:NQT;HA1:304:NKS;HA1:333:NGT;HA2:145:NQT;HA2:171:NIT;HA2:184:NHT	0	good	47	9	0	0	0	0	11	3	0	0	5346	15	1870	0.9846153846153847	false	C252A,C270T,G297A,G312T,A318G,A351G,C375T,C378T,A427G,A435G,C441T,T444C,T456C,G457A,A484G,C509T,T510C,C528A,T534C,C555T,G629A,A667G,C669A,G673A,A686G,G687A,C699T,T747C,T753C,T810C,G846A,G873A,G914A,T942C,C969T,A1107G,G1119A,T1134C,A1149G,G1218A,A1227T,A1404G,G1521A,T1668C,C1700T,C1782T,A1835G	562-570			HA1:I117V,HA1:A127T,HA1:K136E,HA1:P144L,HA1:N150K,HA1:G184E,HA1:N197E,HA1:A199T,HA1:K203R,HA1:R279K,HA2:A194V	HA1:K162-,HA1:N163-,HA1:D164-				C1700T	0	0	1	1								4	0	good	0	15	-4	0	good	1						0		0	0	good		0	0	good	0				
42	51607_2_15|28.03.2025|Switzerland|AG	C.5.7	Vic	V1A.3a.2	unassigned	HA1:25:NVT;HA1:59:NCT;HA1:145:NIT;HA1:166:NKT;HA1:233:NQT;HA1:304:NKS;HA1:333:NGT;HA2:145:NQT;HA2:171:NIT;HA2:184:NHT	0	good	53	9	0	0	0	0	13	3	0	0	5322	15	1870	0.9846153846153847	false	T195C,C252A,C265T,C270T,G297A,G312T,A318G,A351G,C375T,C378T,T402C,A427G,C441T,T444C,G457A,A461G,A463G,A484G,C509T,T510C,C528A,A531G,T534C,G625A,G629A,T663C,A667G,C669A,G673A,A686G,G687A,C699T,T747C,T753C,T810C,G846A,G873A,G914A,C969T,A1107G,G1119A,T1134C,T1147C,G1218A,A1227T,G1236A,A1404G,G1521A,T1668C,T1686C,C1782T,A1819G,A1835G	562-570			HA1:I117V,HA1:A127T,HA1:E128G,HA1:N129D,HA1:K136E,HA1:P144L,HA1:N150K,HA1:E183K,HA1:G184E,HA1:N197E,HA1:A199T,HA1:K203R,HA1:R279K	HA1:K162-,HA1:N163-,HA1:D164-					0	0	0	0								4	0	good	0	15	-5	0	good	0						0		0	0	good		0	0	good	0				
43	51607_2_18|26.03.2025|Switzerland|BE	C.5.1	Vic	V1A.3a.2	unassigned	HA1:25:NVT;HA1:59:NCT;HA1:145:NIT;HA1:166:NKT;HA1:233:NQT;HA1:304:NKS;HA1:333:NGT;HA2:145:NQT;HA2:171:NIT;HA2:184:NHT	0	good	52	9	0	0	0	0	13	3	0	0	5032	34	1791	0.9326259946949602	false	C252A,G267A,C270T,G297A,G312T,A318G,A351G,C375T,C378T,A417G,A427G,C441T,T444C,G457A,G460A,A463G,A484G,C509T,T510C,C528A,T534C,G538A,C555T,G625A,G629A,A667G,C669A,A686G,G687A,C699T,T747C,T753C,T810C,G846A,G873A,G914A,T942C,C969T,A1107G,G1119A,T1134C,G1218A,A1227T,G1302A,T1377C,A1404G,G1521A,T1608C,C1611A,T1668C,C1737T,C1782T	562-570			HA1:I117V,HA1:A127T,HA1:E128K,HA1:N129D,HA1:K136E,HA1:P144L,HA1:N150K,HA1:A154T,HA1:E183K,HA1:G184E,HA1:N197E,HA1:K203R,HA1:R279K	HA1:K162-,HA1:N163-,HA1:D164-					0	0	0	0								4	0	good	0	15	-5	0	good	0						0		0	0	good		0	0	good	0				
44	51607_2_19|26.03.2025|Switzerland|TI	C.5.1	Vic	V1A.3a.2	unassigned	HA1:25:NVT;HA1:59:NCT;HA1:145:NIT;HA1:166:NKT;HA1:233:NQT;HA1:304:NKS;HA1:333:NGT;HA2:145:NQT;HA2:171:NIT;HA2:184:NHT	0	good	54	9	0	0	0	0	14	3	0	0	5318	15	1870	0.9846153846153847	false	T65C,C123T,G156A,C252A,G267A,C270T,G297A,G312T,A318G,A351G,C375T,C378T,A427G,C441T,T444C,G457A,G460A,A463G,A484G,C509T,T510C,C528A,T534C,G625A,G629A,A667G,C669A,G673A,A686G,G687A,C699T,T747C,T753C,T810C,G846A,G873A,G914A,T942C,C969T,A1107G,G1119A,T1134C,A1149G,G1218A,A1227T,T1377C,A1404G,G1521A,T1608C,C1611A,T1668C,C1782T,G1822A,A1835G	562-570			HA1:I117V,HA1:A127T,HA1:E128K,HA1:N129D,HA1:K136E,HA1:P144L,HA1:N150K,HA1:E183K,HA1:G184E,HA1:N197E,HA1:A199T,HA1:K203R,HA1:R279K,SigPep:V11A	HA1:K162-,HA1:N163-,HA1:D164-				C123T,G156A,A1149G	0	0	3	3								4	0	good	0	15	-2	0	good	3						0		0	0	good		0	0	good	0				
40	51607_1_89|31.03.2025|Switzerland|BL	C.5.6	Vic	V1A.3a.2	unassigned	HA1:25:NVT;HA1:59:NCT;HA1:145:NIT;HA1:166:NKT;HA1:233:NQT;HA1:304:NKS;HA1:333:NGT;HA2:145:NQT;HA2:171:NIT;HA2:184:NHT	0	good	49	9	0	0	0	0	10	3	0	0	5338	15	1870	0.9846153846153847	false	C252A,C270T,G297A,G312T,A318G,A351G,C375T,C378T,A427G,A435G,C441T,T444C,T456C,G457A,A484G,C509T,T510C,C528A,T534C,C555T,G629A,A667G,C669A,G673A,A686G,G687A,C699T,T747C,T753C,A798G,T810C,G846A,G873A,G914A,T942C,C969T,A1107G,G1119A,T1134C,A1149G,G1218A,A1227T,A1404G,G1485A,G1521A,T1668C,C1782T,T1823C,A1835G	562-570			HA1:I117V,HA1:A127T,HA1:K136E,HA1:P144L,HA1:N150K,HA1:G184E,HA1:N197E,HA1:A199T,HA1:K203R,HA1:R279K	HA1:K162-,HA1:N163-,HA1:D164-				T1823C	0	0	1	1								4	0	good	0	15	-4	0	good	1						0		0	0	good		0	0	good	0				
37	51199_2_93|16.03.2025|Switzerland|BL	C.5.6	Vic	V1A.3a.2	unassigned	HA1:25:NVT;HA1:59:NCT;HA1:145:NIT;HA1:166:NKT;HA1:233:NQT;HA1:304:NKS;HA1:333:NGT;HA2:145:NQT;HA2:171:NIT;HA2:184:NHT	0	good	49	9	0	0	0	0	10	3	0	0	5338	15	1870	0.9846153846153847	false	C252A,C270T,G297A,G312T,A318G,A351G,C375T,C378T,A427G,A435G,C441T,T444C,T456C,G457A,A484G,C509T,T510C,C528A,T534C,C555T,G629A,A667G,C669A,G673A,A686G,G687A,C699T,T747C,T753C,A798G,T810C,G846A,G873A,G914A,T942C,C969T,A1107G,G1119A,T1134C,A1149G,G1218A,A1227T,A1404G,G1485A,G1521A,T1668C,C1782T,T1823C,A1835G	562-570			HA1:I117V,HA1:A127T,HA1:K136E,HA1:P144L,HA1:N150K,HA1:G184E,HA1:N197E,HA1:A199T,HA1:K203R,HA1:R279K	HA1:K162-,HA1:N163-,HA1:D164-				T1823C	0	0	1	1								4	0	good	0	15	-4	0	good	1						0		0	0	good		0	0	good	0				
41	51607_1_94|08.04.2025|Switzerland|SH	C.5.7	Vic	V1A.3a.2	unassigned	HA1:25:NVT;HA1:59:NCT;HA1:145:NIT;HA1:166:NKT;HA1:233:NQT;HA1:304:NKS;HA1:333:NGT;HA2:145:NQT;HA2:171:NIT;HA2:184:NHT	0.444444	good	57	9	0	0	0	0	13	3	0	0	5306	15	1870	0.9846153846153847	false	A102G,T195C,C249T,C252A,C270T,G297A,G312T,A318G,A351G,T363C,C375T,C378T,T402C,A427G,C441T,T444C,G457A,A461G,A463G,A484G,C509T,T510C,C528A,T534C,G625A,G629A,T663C,A667G,C669A,G673A,A686G,G687A,C699T,T747C,T753C,T810C,G846A,G873A,G914A,C969T,A1107G,G1119A,T1134C,T1147C,G1218A,A1227T,A1404G,G1422T,G1521A,T1668C,T1686C,C1737T,C1782T,A1800G,A1801G,A1819G,A1835G	562-570			HA1:I117V,HA1:A127T,HA1:E128G,HA1:N129D,HA1:K136E,HA1:P144L,HA1:N150K,HA1:E183K,HA1:G184E,HA1:N197E,HA1:A199T,HA1:K203R,HA1:R279K	HA1:K162-,HA1:N163-,HA1:D164-				A102G,C249T,T363C,C1737T,A1800G,A1801G	0	0	6	6								4	0	good	0	15	1	6.666667	good	6						0		0	0	good		0	0	good	0				
45	51607_2_53|28.04.2025|Switzerland|AG	C.5.6	Vic	V1A.3a.2	unassigned	HA1:25:NVT;HA1:59:NCT;HA1:145:NIT;HA1:166:NKT;HA1:233:NQT;HA1:304:NKS;HA1:333:NGT;HA2:145:NQT;HA2:171:NIT;HA2:184:NHT	0	good	49	9	0	0	0	0	10	3	0	0	5338	15	1870	0.9846153846153847	false	C252A,C270T,G297A,G312T,A318G,A351G,C375T,C378T,A427G,A435G,C441T,T444C,T456C,G457A,A484G,C509T,T510C,C528A,T534C,G538A,C555T,G629A,A667G,C669A,A686G,G687A,C699T,T747C,T753C,T810C,G846A,G873A,G914A,T942C,C969T,A1107G,G1119A,T1134C,A1149G,G1218A,A1227T,A1404G,G1470A,G1497A,G1521A,C1656T,T1668C,C1782T,A1835G	562-570			HA1:I117V,HA1:A127T,HA1:K136E,HA1:P144L,HA1:N150K,HA1:A154T,HA1:G184E,HA1:N197E,HA1:K203R,HA1:R279K	HA1:K162-,HA1:N163-,HA1:D164-				G538A,G1470A,G1497A	0	0	3	3								4	0	good	0	15	-2	0	good	3						0		0	0	good		0	0	good	0				
46	51607_2_91|01.12.2024|Switzerland|VD	C.5.1	Vic	V1A.3a.2	unassigned	HA1:25:NVT;HA1:59:NCT;HA1:145:NIT;HA1:166:NKT;HA1:233:NQT;HA1:304:NKS;HA1:333:NGT;HA2:145:NQT;HA2:171:NIT;HA2:184:NHT	0	good	54	9	0	0	55	0	15	3	0	12	5263	15	1870	0.9554376657824933	false	C123T,C252A,G267A,C270T,G297A,G312T,A318G,A351G,C375T,C378T,A427G,C441T,T444C,G457A,G460A,A463G,A484G,C509T,T510C,C528A,T534C,C539A,G625A,G629A,A667G,C669A,G673A,A679T,A686G,G687A,C699T,T747C,T753C,T810C,G846A,G873A,G914A,T942C,C969T,A1107G,G1119A,T1134C,G1218A,A1227T,T1377C,A1404G,G1521A,T1608C,C1611A,T1668C,C1782T,G1822A,A1835G,G1858T	562-570			HA1:I117V,HA1:A127T,HA1:E128K,HA1:N129D,HA1:K136E,HA1:P144L,HA1:N150K,HA1:A154E,HA1:E183K,HA1:G184E,HA1:N197E,HA1:A199T,HA1:M201L,HA1:K203R,HA1:R279K	HA1:K162-,HA1:N163-,HA1:D164-				C123T,C539A,A679T,G1858T	0	0	4	4	15-67,1869-1870	SigPep:1-12						4	0	good	0	15	-1	0	good	4						0		0	0	good		0	0	good	0				
