KU509703.1,flu-a-h1n1,HA
KU509706.1,flu-a-h1n1,MP
KU509705.1,flu-a-h1n1,NA
KU509704.1,flu-a-h1n1,NP
KU509707.1,flu-a-h1n1,NS
KU509702.1,flu-a-h1n1,PA
KU509701.1,flu-a-h1n1,PB1
KU509700.1,flu-a-h1n1,PB2
CY163680.1,flu-a-h3n2,HA
KJ942617.1,flu-a-h3n2,MP
CY114383.1,flu-a-h3n2,NA
KJ942619.1,flu-a-h3n2,NP
KJ942620.1,flu-a-h3n2,NS
KJ942621.1,flu-a-h3n2,PA
KJ942622.1,flu-a-h3n2,PB1
KJ942623.1,flu-a-h3n2,PB2
KX058884.1,flu-b,HA
KC866607.1,flu-b,MP
CY018815.1,flu-b,NA
KC866605.1,flu-b,NP
KC866606.1,flu-b,NS
KC866603.1,flu-b,PB1
KC866604.1,flu-b,PB2
KJ942618.1,flu-a-h3n2,NA
KJ942616.1,flu-a-h3n2,HA
FJ766839.1,flu-b,NA