index	seqName	clade	legacy-clade	subclade	short-clade	proposedSubclade	RBD	glycosylation	qc.overallScore	qc.overallStatus	totalSubstitutions	totalDeletions	totalInsertions	totalFrameShifts	totalMissing	totalNonACGTNs	totalAminoacidSubstitutions	totalAminoacidDeletions	totalAminoacidInsertions	totalUnknownAa	alignmentScore	alignmentStart	alignmentEnd	coverage	isReverseComplement	substitutions	deletions	insertions	frameShifts	aaSubstitutions	aaDeletions	aaInsertions	privateNucMutations.reversionSubstitutions	privateNucMutations.labeledSubstitutions	privateNucMutations.unlabeledSubstitutions	privateNucMutations.totalReversionSubstitutions	privateNucMutations.totalLabeledSubstitutions	privateNucMutations.totalUnlabeledSubstitutions	privateNucMutations.totalPrivateSubstitutions	missing	unknownAaRanges	nonACGTNs	qc.missingData.missingDataThreshold	qc.missingData.score	qc.missingData.status	qc.missingData.totalMissing	qc.mixedSites.mixedSitesThreshold	qc.mixedSites.score	qc.mixedSites.status	qc.mixedSites.totalMixedSites	qc.privateMutations.cutoff	qc.privateMutations.excess	qc.privateMutations.score	qc.privateMutations.status	qc.privateMutations.total	qc.snpClusters.clusteredSNPs	qc.snpClusters.score	qc.snpClusters.status	qc.snpClusters.totalSNPs	qc.frameShifts.frameShifts	qc.frameShifts.totalFrameShifts	qc.frameShifts.frameShiftsIgnored	qc.frameShifts.totalFrameShiftsIgnored	qc.frameShifts.score	qc.frameShifts.status	qc.stopCodons.stopCodons	qc.stopCodons.totalStopCodons	qc.stopCodons.score	qc.stopCodons.status	totalPcrPrimerChanges	pcrPrimerChanges	failedCdses	warnings	errors
0	m2-4Q8Stt																																																																									When processing sequence #0 'm2-4Q8Stt': When calculating seed matches: Unable to align: seed alignment was unable to find any matches that are long enough. Only matches of at least 40 nucleotides long are considered (configurable using 'min match length' CLI flag or dataset property). This is likely due to low quality of the provided sequence, or due to using incorrect reference sequence.
1	m2-sxkK9R	J.1	3C.2a1b.2a.2a.3a.1	J.1	2a.3a.1	J.1	-0	HA1:8:NST;HA1:22:NGT;HA1:38:NAT;HA1:45:NSS;HA1:94:NSS;HA1:133:NGT;HA1:165:NVT;HA2:154:NET	0	good	19	0	31	0	548	0	11	0	0	184	4530	1	1718	0.681024447031432	false	A7G,A121G,G196A,G205A,G206A,A316C,A335G,T467A,T549C,C597T,A622T,C699T,A715G,T972C,A1020T,C1047T,G1087A,A1181G,A1300G		0:NNNNNNNNNNNNNNNNNNNNNNNNNNN,1718:NNNN		HA1:I25V,HA1:E50K,HA1:G53N,HA1:N96S,HA1:I140K,HA1:I192F,HA1:I223V,HA2:V18M,HA2:N49S,HA2:I89V,SigPep:T3A						0	0	0	0	1-5,85-105,223-253,351-441,753-815,822-830,840-853,861-932,1261-1270,1319-1330,1337-1460,1623-1718	SigPep:1-2,HA1:13-19,HA1:59-69,HA1:101-131,HA1:236-256,HA1:258-261,HA1:264-269,HA1:271-295,HA2:76-79,HA2:95-99,HA2:101-142,HA2:196-221						4	0	good	0	15	-5	0	good	0						0		0	0	good		0	0	good	0				
2	m2-phtHeq	J.1	3C.2a1b.2a.2a.3a.1	J.1	2a.3a.1	J.1	-0	HA1:8:NST;HA1:22:NGT;HA1:38:NAT;HA1:45:NSS;HA1:63:NCT;HA1:94:NSS;HA1:122:NES;HA1:126:NWT;HA1:133:NGT;HA1:165:NVT;HA1:246:NST;HA1:285:NGS;HA2:154:NET	0	good	25	0	31	0	115	0	11	0	0	35	4939	1	1718	0.9330616996507567	false	A7G,A121G,G196A,G205A,G206A,A316C,A335G,C396A,T408C,T432C,T467A,C543T,C597T,A622T,C699T,A715G,T783C,T861C,T972C,A1020T,C1047T,G1087A,A1181G,A1300G,A1386G		0:NNNNNNNNNNNNNNNNNNNNNNNNNNN,1718:NNNN		HA1:I25V,HA1:E50K,HA1:G53N,HA1:N96S,HA1:I140K,HA1:I192F,HA1:I223V,HA2:V18M,HA2:N49S,HA2:I89V,SigPep:T3A					C543T	0	0	1	1	1-5,253,351-389,523-527,1650-1653,1658-1718	SigPep:1-2,HA1:69,HA1:101-114,HA1:159-160,HA2:205-206,HA2:208-221						4	0	good	0	15	-4	0	good	1						0		0	0	good		0	0	good	0				
4	m2-PGaVE8	J.2.2	3C.2a1b.2a.2a.3a.1	J.2.2	2a.3a.1	J.2.2	-0	HA1:8:NST;HA1:22:NGT;HA1:38:NAT;HA1:45:NSS;HA1:63:NCT;HA1:94:NSS;HA1:126:NWT;HA1:133:NGT;HA1:165:NVT;HA1:285:NGS;HA2:154:NET	0	good	27	0	31	0	110	0	11	0	0	33	4936	1	1718	0.9359720605355064	false	A7G,G146A,G196A,G205A,G206A,C256T,A288G,A316C,A335G,C396A,A412G,G419A,T432C,T467A,C597T,C600T,A622T,C711T,A715G,T861C,T972C,A1020T,C1047T,A1181G,T1305C,A1386G,C1593T		0:NNNNNNNNNNNNNNNNNNNNNNNNNNN,1718:NNNN		HA1:R33Q,HA1:E50K,HA1:G53N,HA1:N96S,HA1:N122D,HA1:S124N,HA1:I140K,HA1:I192F,HA1:I223V,HA2:N49S,SigPep:T3A					G146A,C256T,C711T,T1305C	0	0	4	4	1-5,359-378,776-805,816-819,839-842,868-881,1686-1718	SigPep:1-2,HA1:104-110,HA1:243-253,HA1:257,HA1:264-265,HA1:274-278,HA2:217-221						4	0	good	0	15	-1	0	good	4						0		0	0	good		0	0	good	0				
5	m2-BdtP8F	J	3C.2a1b.2a.2a.3a.1	J	2a.3a.1	J	-0	HA1:144:NSS;HA1:165:NVT	0	good	3	0	31	0	1501	0	2	0	0	496	3641	1	1718	0.12630966239813737	false	G479A,C699T,A715G		0:NNNNNNNNNNNNNNNNNNNNNNNNNNN,1718:NNNN		HA1:S144N,HA1:I223V					G479A	0	0	1	1	1-470,514-539,589-630,639,724-1181,1215-1718	SigPep:1-16,HA1:1-141,HA1:156-164,HA1:181-194,HA1:197,HA1:226-329,HA2:1-49,HA2:60-221						4	0	good	0	15	-4	0	good	1						0		0	0	good		0	0	good	0				
6	m2-fafZrX	J.1	3C.2a1b.2a.2a.3a.1	J.1	2a.3a.1	J.1	-0	HA1:8:NST;HA1:38:NAT;HA1:45:NSS;HA1:94:NSS;HA1:133:NGT;HA1:165:NVT;HA2:154:NET	0	good	18	0	31	0	609	0	10	0	0	200	4473	1	1718	0.6455180442374855	false	A121G,G196A,G205A,G206A,A316C,A335G,T467A,C597T,G609A,A622T,C699T,A715G,T972C,A1020T,C1047T,G1087A,A1181G,A1300G		0:NNNNNNNNNNNNNNNNNNNNNNNNNNN,1718:NNNN		HA1:I25V,HA1:E50K,HA1:G53N,HA1:N96S,HA1:I140K,HA1:I192F,HA1:I223V,HA2:V18M,HA2:N49S,HA2:I89V					G609A	0	0	1	1	1-10,93-120,228-253,347-441,514-539,751-936,1260-1273,1344-1466,1618-1718	SigPep:1-4,HA1:16-24,HA1:60-69,HA1:100-131,HA1:156-164,HA1:235-296,HA2:76-80,HA2:103-144,HA2:195-221						4	0	good	0	15	-4	0	good	1						0		0	0	good		0	0	good	0				
7	m2-EJ7fEz	J	3C.2a1b.2a.2a.3a.1	J	2a.3a.1	J	-0	HA1:8:NST;HA1:38:NAT;HA1:45:NSS;HA1:165:NVT;HA2:154:NET	0	good	14	0	31	0	801	0	6	0	0	263	4297	1	1718	0.5337601862630966	false	G196A,G205A,G206A,A316C,T467A,C597T,C600T,A622T,T705C,A715G,T972C,A1020T,C1047T,A1181G		0:NNNNNNNNNNNNNNNNNNNNNNNNNNN,1718:NNNN		HA1:E50K,HA1:G53N,HA1:I140K,HA1:I192F,HA1:I223V,HA2:N49S					T705C	0	0	1	1	1-10,85-131,135-143,223-288,320-462,514-539,753-936,1258-1467,1613-1718	SigPep:1-4,HA1:13-32,HA1:59-80,HA1:91-138,HA1:156-164,HA1:236-296,HA2:75-144,HA2:193-221						4	0	good	0	15	-4	0	good	1						0		0	0	good		0	0	good	0				
10	m2-hPpCR3	J.2	3C.2a1b.2a.2a.3a.1	J.2	2a.3a.1	J.2	-0	HA1:8:NST;HA1:38:NAT;HA1:45:NSS;HA1:94:NSS;HA1:133:NGT;HA1:165:NVT;HA1:285:NGS;HA2:154:NET	0	good	18	0	31	0	589	0	9	0	0	193	4493	1	1718	0.6571594877764843	false	A7G,G196A,G205A,G206A,A288G,A316C,A335G,T467A,C597T,C600T,A622T,A715G,T972C,G978A,A1020T,C1047T,G1087A,A1181G		0:NNNNNNNNNNNNNNNNNNNNNNNNNNN,1718:NNNN		HA1:E50K,HA1:G53N,HA1:N96S,HA1:I140K,HA1:I192F,HA1:I223V,HA2:V18M,HA2:N49S,SigPep:T3A					G1087A	0	0	1	1	1-5,91-135,231-259,351-441,753-895,1340-1472,1554-1563,1586-1718	SigPep:1-2,HA1:15-29,HA1:62-71,HA1:101-131,HA1:236-283,HA2:102-146,HA2:173-176,HA2:184-221						4	0	good	0	15	-4	0	good	1						0		0	0	good		0	0	good	0				
9	m2-FPVUGC	J.1	3C.2a1b.2a.2a.3a.1	J.1	2a.3a.1	J.1	1	HA1:8:NST;HA1:22:NGT;HA1:38:NAT;HA1:45:NSS;HA1:94:NSS;HA1:126:NWT;HA1:133:NGT;HA1:165:NVT;HA1:246:NST;HA1:285:NGS;HA2:154:NET	0	good	26	0	31	0	57	0	14	0	0	14	4993	1	1718	0.9668218859138533	false	A7G,A121G,G196A,G205A,G206A,A235T,A316C,A335G,C396A,G419A,T432C,T467A,G482A,C597T,A622T,C699T,A715G,T783C,T861C,T972C,A1020T,C1047T,G1087A,A1181G,A1300G,A1386G		0:NNNNNNNNNNNNNNNNNNNNNNNNACC,1718:NNNN		HA1:I25V,HA1:E50K,HA1:G53N,HA1:N63Y,HA1:N96S,HA1:S124N,HA1:I140K,HA1:S145N,HA1:I192F,HA1:I223V,HA2:V18M,HA2:N49S,HA2:I89V,SigPep:T3A					G235T	0	0	1	1	362-364,367-368,1667-1718	HA1:105-107,HA2:211-221						4	0	good	0	15	-4	0	good	1						0		0	0	good		0	0	good	0				
13	51199_1_69|29.11.2024|Switzerland|GE	J.2.2	3C.2a1b.2a.2a.3a.1	J.2.2	2a.3a.1	J.2.2	1	HA1:8:NST;HA1:22:NGT;HA1:38:NAT;HA1:45:NSS;HA1:63:NCT;HA1:94:NSS;HA1:126:NWT;HA1:133:NGT;HA1:165:NVT;HA1:246:NST;HA1:285:NGS;HA2:154:NET	6.250000	good	29	0	19	0	0	1	13	0	0	0	5038	1	1718	0.9994179278230501	false	A7G,A81G,G196A,G205A,G206A,A288G,A316C,A335G,C396A,A412G,G419A,T467A,G482A,C543T,C597T,C600T,A622T,A651G,A715G,T861C,A874G,T972C,A977G,A1020T,C1047T,A1181G,A1386G,C1581T,C1593T		0:GGATAATTCTATTAACC,1718:AN		HA1:E50K,HA1:G53N,HA1:N96S,HA1:N122D,HA1:S124N,HA1:I140K,HA1:S145N,HA1:I192F,HA1:I223V,HA1:K276E,HA1:K310R,HA2:N49S,SigPep:T3A					A81G,A977G,C1581T	0	0	3	3			R:1714					4	25	good	1	15	-2	0	good	3						0		0	0	good		0	0	good	0				
16	51199_2_26|14.02.2025|Switzerland|BL	J.2	3C.2a1b.2a.2a.3a.1	J.2	2a.3a.1	J.2	-0	HA1:22:NGT;HA1:38:NAT;HA1:45:NSS;HA1:63:NCT;HA1:94:NSS;HA1:126:NWT;HA1:133:NGT;HA1:165:NVT;HA1:246:NST;HA1:285:NGS;HA2:154:NET	0	good	31	0	0	0	0	0	13	0	0	0	4979	1	1701	0.990104772991851	false	A7G,A70G,G196A,G205A,G206A,G261A,A288G,A335G,C387T,C396A,A412G,T432C,C447T,T467A,C597T,C600T,A622T,A715G,T861C,A874G,T972C,G983A,A1020T,C1047T,G1087A,T1119C,A1181G,A1239G,A1386G,T1506C,C1593T				HA1:N8D,HA1:E50K,HA1:G53N,HA1:N96S,HA1:N122D,HA1:I140K,HA1:I192F,HA1:I223V,HA1:K276E,HA1:S312N,HA2:V18M,HA2:N49S,SigPep:T3A			C316A		G983A,A1239G	1	0	2	3								4	0	good	0	15	-2	0	good	3						0		0	0	good		0	0	good	0				
15	51199_2_24|14.02.2025|Switzerland|VD	J.2	3C.2a1b.2a.2a.3a.1	J.2	2a.3a.1	J.2	-0	HA1:22:NGT;HA1:38:NAT;HA1:45:NSS;HA1:63:NCT;HA1:126:NWT;HA1:133:NGT;HA1:165:NVT;HA1:246:NST;HA1:285:NGS;HA2:154:NET	0	good	31	0	0	0	0	0	12	0	0	0	4979	1	1701	0.990104772991851	false	A7G,A70G,A73G,G196A,G205A,G206A,G261A,A288G,A316C,A335T,C387T,C396A,A412G,T432C,C447T,T467A,C597T,C600T,A622T,A759G,T861C,A874G,T972C,A1020T,C1047T,G1087A,T1119C,A1181G,A1386G,T1506C,C1593T				HA1:N8D,HA1:S9G,HA1:E50K,HA1:G53N,HA1:N96I,HA1:N122D,HA1:I140K,HA1:I192F,HA1:K276E,HA2:V18M,HA2:N49S,SigPep:T3A					A759G	0	0	1	1								4	0	good	0	15	-4	0	good	1						0		0	0	good		0	0	good	0				
17	51199_2_4|04.02.2025|Switzerland|VD	J.2.2	3C.2a1b.2a.2a.3a.1	J.2.2	2a.3a.1	J.2.2	1	HA1:8:NST;HA1:22:NGT;HA1:38:NAT;HA1:45:NSS;HA1:94:NSS;HA1:126:NWT;HA1:133:NGT;HA1:165:NVT;HA1:246:NST;HA1:285:NGS;HA2:154:NET	0	good	29	0	0	0	0	0	13	0	0	0	4987	1	1701	0.990104772991851	false	A7G,A117G,G196A,G205A,G206A,C242A,A288G,A316C,A335G,C396A,A412G,G419A,T432C,T467A,G482A,C597T,C600T,A622T,A715G,T861C,A874G,A906C,T963C,T972C,A1020T,C1047T,A1181G,A1386G,C1593T				HA1:E50K,HA1:G53N,HA1:T65K,HA1:N96S,HA1:N122D,HA1:S124N,HA1:I140K,HA1:S145N,HA1:I192F,HA1:I223V,HA1:K276E,HA2:N49S,SigPep:T3A					T963C	0	0	1	1								4	0	good	0	15	-4	0	good	1						0		0	0	good		0	0	good	0				
8	m2-VT3bcF	J.1	3C.2a1b.2a.2a.3a.1	J.1	2a.3a.1	J.1	-0	HA1:8:NST;HA1:22:NGT;HA1:38:NAT;HA1:45:NSS;HA1:63:NCT;HA1:94:NSS;HA1:122:NES;HA1:126:NWT;HA1:133:NGT;HA1:165:NVT;HA1:246:NST;HA1:285:NGS;HA2:154:NET	0	good	23	0	31	0	18	0	11	0	0	0	5044	1	1718	0.989522700814901	false	A7G,A121G,G196A,G205A,G206A,A335G,C396A,T432C,T467A,C597T,A622T,C699T,A715G,T783C,T861C,T972C,A1020T,C1047T,G1087A,A1181G,A1300G,A1386G,G1557A		0:NNNNNNNNNNNNNNNNNNNNNNNNNCC,1718:NNNN		HA1:I25V,HA1:E50K,HA1:G53N,HA1:N96S,HA1:I140K,HA1:I192F,HA1:I223V,HA2:V18M,HA2:N49S,HA2:I89V,SigPep:T3A			C316A		G1557A	1	0	1	2	1701-1718							4	0	good	0	15	-3	0	good	2						0		0	0	good		0	0	good	0				
14	51199_2_12|03.02.2025|Switzerland|VD	J.2	3C.2a1b.2a.2a.3a.1	J.2	2a.3a.1	J.2	-0	HA1:22:NGT;HA1:38:NAT;HA1:45:NSS;HA1:63:NCT;HA1:126:NWT;HA1:133:NGT;HA1:165:NVT;HA1:246:NST;HA1:285:NGS;HA2:154:NET	0	good	33	0	0	0	0	0	14	0	0	0	4971	1	1701	0.990104772991851	false	A7G,A70G,A73G,G196A,G205A,G206A,G261A,A288G,A316C,A335T,C387T,C396A,A412G,T432C,C447T,T467A,G497A,C597T,C600T,A622T,A759G,T861C,A874G,T972C,A1020T,C1047T,G1087A,T1119C,A1181G,A1386G,T1506C,C1593T,G1660A				HA1:N8D,HA1:S9G,HA1:E50K,HA1:G53N,HA1:N96I,HA1:N122D,HA1:I140K,HA1:R150K,HA1:I192F,HA1:K276E,HA2:V18M,HA2:N49S,HA2:A209T,SigPep:T3A					G497A,A759G,G1660A	0	0	3	3								4	0	good	0	15	-2	0	good	3						0		0	0	good		0	0	good	0				
3	m2-LYceeY	J.2	3C.2a1b.2a.2a.3a.1	J.2	2a.3a.1	J.2	-0	HA1:165:NVT	0	good	11	0	31	0	1052	0	4	0	0	348	4058	1	1718	0.38766006984866125	false	A288G,T467A,C597T,C600T,A622T,A715G,T972C,A1020T,C1047T,C1179A,A1181G		0:NNNNNNNNNNNNNNNNNNNNNNNNNNN,1718:NNNN		HA1:I140K,HA1:I192F,HA1:I223V,HA2:N49S						0	0	0	0	1-277,316-453,514-539,733-947,1007-1011,1098-1115,1261-1498,1583-1584,1586-1718	SigPep:1-16,HA1:1-77,HA1:90-135,HA1:156-164,HA1:229-300,HA1:320-321,HA2:21-27,HA2:76-155,HA2:183-221						4	0	good	0	15	-5	0	good	0						0		0	0	good		0	0	good	0				
21	51199_2_74|01.03.2025|Switzerland|VD	J.2	3C.2a1b.2a.2a.3a.1	J.2	2a.3a.1	J.2	-0	HA1:22:NGT;HA1:38:NAT;HA1:45:NSS;HA1:94:NSS;HA1:126:NWT;HA1:133:NGT;HA1:165:NVT;HA1:246:NST;HA1:285:NGS;HA2:154:NET	0	good	35	0	19	0	1	0	17	0	0	0	5013	1	1718	0.9994179278230501	false	A7G,C31A,A70G,A140G,G196A,G205A,G206A,C237A,G261A,A288G,A316C,A335G,C387T,C396A,A412G,T432C,G436A,A444G,C447T,T467A,C597T,C600T,A622T,A715G,A847G,T861C,A874G,T972C,A1020T,C1047T,G1087A,T1119C,A1181G,A1386G,C1593T		0:GGATAATTCTATTAATC,1718:NN		HA1:N8D,HA1:N31S,HA1:E50K,HA1:G53N,HA1:N63K,HA1:N96S,HA1:N122D,HA1:V130I,HA1:I140K,HA1:I192F,HA1:I223V,HA1:I267V,HA1:K276E,HA2:V18M,HA2:N49S,SigPep:T3A,SigPep:L11I			T6G,C633T		C31A,G436A,A444G	2	0	3	5	1718							4	0	good	0	15	0	0	good	5						0		0	0	good		0	0	good	0				
12	m2-33tHNX	J.2	3C.2a1b.2a.2a.3a.1	J.2	2a.3a.1	J.2	-0	HA1:8:NST;HA1:45:NSS;HA1:165:NVT	0	good	13	0	31	0	1163	0	5	0	0	383	3939	1	1718	0.3230500582072177	false	G196A,G205A,G206A,A316C,C597T,C600T,T606C,A622T,A715G,A1020T,C1047T,A1181G,G1185A		0:NNNNNNNNNNNNNNNNNNNNNNNNNNN,1718:NNNN		HA1:E50K,HA1:G53N,HA1:I192F,HA1:I223V,HA2:N49S					T606C	0	0	1	1	1-57,82-161,168-176,208-288,320-489,514-539,729-1000,1231-1517,1538-1718	SigPep:1-16,HA1:1-3,HA1:12-38,HA1:41-43,HA1:54-80,HA1:91-147,HA1:156-164,HA1:228-318,HA2:66-161,HA2:168-221						4	0	good	0	15	-4	0	good	1						0		0	0	good		0	0	good	0				
11	m2-os283P	J.2	3C.2a1b.2a.2a.3a.1	J.2	2a.3a.1	J.2	-0	HA1:8:NST;HA1:165:NVT	0	good	10	0	31	0	1214	0	3	0	0	404	3900	1	1718	0.29336437718277064	false	A288G,A316C,C597T,C600T,A622T,A715G,T972C,A1020T,C1047T,A1181G		0:NNNNNNNNNNNNNNNNNNNNNNNNNNN,1718:NNNN		HA1:I192F,HA1:I223V,HA2:N49S						0	0	0	0	1-68,82-277,320-476,514-539,726-951,961,998-1004,1110-1170,1216-1218,1220-1553,1576-1577,1586-1718	SigPep:1-16,HA1:1-7,HA1:12-77,HA1:91-143,HA1:156-164,HA1:226-301,HA1:305,HA1:317-319,HA2:25-45,HA2:61-173,HA2:181,HA2:184-221						4	0	good	0	15	-5	0	good	0						0		0	0	good		0	0	good	0				
19	51199_2_64|07.03.2025|Switzerland|BL	J.2	3C.2a1b.2a.2a.3a.1	J.2	2a.3a.1	J.2	1	HA1:8:NST;HA1:22:NGT;HA1:38:NAT;HA1:45:NSS;HA1:63:NCT;HA1:94:NSS;HA1:126:NWT;HA1:165:NVT;HA1:246:NST;HA1:285:NGS;HA2:154:NET	0	good	30	0	19	0	0	0	12	0	0	0	5034	1	1718	1	false	A7G,A54G,A108G,A153G,G196A,G205A,G206A,A288G,A316C,A335G,G358A,C396A,A412G,T432C,A444G,A451G,T467A,G482A,C597T,C600T,A622T,A715G,T861C,A951C,T972C,A1020T,C1047T,A1181G,G1356A,A1386G		0:GGATAATTCTATTAACC,1718:AC		HA1:E50K,HA1:G53N,HA1:N96S,HA1:D104N,HA1:N122D,HA1:T135A,HA1:I140K,HA1:S145N,HA1:I192F,HA1:I223V,HA2:N49S,SigPep:T3A			G874A			1	0	0	1								4	0	good	0	15	-4	0	good	1						0		0	0	good		0	0	good	0				
18	51199_2_63|09.03.2025|Switzerland|BL	J.2	3C.2a1b.2a.2a.3a.1	J.2	2a.3a.1	J.2	1	HA1:8:NST;HA1:22:NGT;HA1:38:NAT;HA1:45:NSS;HA1:63:NCT;HA1:94:NSS;HA1:126:NWT;HA1:133:NGT;HA1:165:NVT;HA1:246:NST;HA1:285:NGS;HA2:154:NET	0	good	32	0	0	0	0	0	13	0	0	0	4975	1	1701	0.990104772991851	false	A7G,A108G,G196A,G205A,G206A,A288G,A316C,G320A,A335G,C396A,A412G,T432C,T467A,G482A,G546A,C597T,C600T,A622T,A715G,C763A,G765T,T861C,A874G,T972C,A1020T,C1047T,C1273A,A1281G,A1386G,G1428A,G1524A,T1639C				HA1:E50K,HA1:G53N,HA1:S91N,HA1:N96S,HA1:N122D,HA1:I140K,HA1:S145N,HA1:I192F,HA1:I223V,HA1:P239T,HA1:K276E,HA2:L80I,SigPep:T3A			G1005A		G320A,A1386G,G1428A,G1524A	1	0	4	5								4	0	good	0	15	0	0	good	5						0		0	0	good		0	0	good	0				
20	51199_2_73|27.02.2025|Switzerland|BS	J.2	3C.2a1b.2a.2a.3a.1	J.2	2a.3a.1	J.2	-0	HA1:22:NGT;HA1:38:NAT;HA1:45:NSS;HA1:63:NCT;HA1:126:NWT;HA1:133:NGT;HA1:165:NVT;HA1:246:NST;HA1:285:NGS;HA2:154:NET	0	good	33	0	0	0	0	0	12	0	0	0	4971	1	1701	0.990104772991851	false	A7G,A70G,A73G,G196A,G205A,G206A,G261A,A288G,A316C,A335T,C387T,C396A,A412G,T432C,C447T,T467A,C597T,C600T,A622T,T861C,A874G,T972C,A1020T,C1047T,G1087A,T1119C,A1181G,C1203T,C1339T,C1371T,A1386G,T1506C,C1593T				HA1:N8D,HA1:S9G,HA1:E50K,HA1:G53N,HA1:N96I,HA1:N122D,HA1:I140K,HA1:I192F,HA1:K276E,HA2:V18M,HA2:N49S,SigPep:T3A					C1203T,C1339T,C1371T	0	0	3	3								4	0	good	0	15	-2	0	good	3						0		0	0	good		0	0	good	0				
26	51199_2_9|20.02.2025|Switzerland|ZH	J.2	3C.2a1b.2a.2a.3a.1	J.2	2a.3a.1	J.2	-0	HA1:22:NGT;HA1:38:NAT;HA1:45:NSS;HA1:63:NCT;HA1:126:NWT;HA1:133:NGT;HA1:165:NVT;HA1:246:NST;HA1:285:NGS;HA2:154:NET	0	good	31	0	0	0	0	0	13	0	0	0	4979	1	1701	0.990104772991851	false	A7G,A70G,A73G,G196A,G205A,G206A,G261A,A288G,A316C,A335T,C387T,C396A,A412G,T432C,C447T,T467A,C597T,C600T,A622T,T861C,A874G,T972C,A1020T,C1047T,G1087A,T1119C,A1181G,A1386G,T1506C,A1537C,C1593T				HA1:N8D,HA1:S9G,HA1:E50K,HA1:G53N,HA1:N96I,HA1:N122D,HA1:I140K,HA1:I192F,HA1:K276E,HA2:V18M,HA2:N49S,HA2:N168H,SigPep:T3A					A1537C	0	0	1	1								4	0	good	0	15	-4	0	good	1						0		0	0	good		0	0	good	0				
29	51607_1_36|21.03.2025|Switzerland|AG	J.2	3C.2a1b.2a.2a.3a.1	J.2	2a.3a.1	J.2	1	HA1:8:NST;HA1:22:NGT;HA1:38:NAT;HA1:45:NSS;HA1:63:NCT;HA1:94:NSS;HA1:126:NWT;HA1:165:NVT;HA1:246:NST;HA1:285:NGS;HA2:154:NET	0	good	32	0	19	0	0	0	14	0	0	0	5026	1	1718	1	false	A7G,A54G,A108G,A153G,G196A,G205A,G206A,A288G,A316C,A335G,G358A,C396A,A412G,T432C,A444G,A451G,T467A,T475C,G482A,A519G,C597T,C600T,A622T,A715G,T861C,A874G,T972C,A1020T,C1047T,A1181G,G1356A,A1386G		0:GGATAATTCTATTAACC,1718:AC		HA1:E50K,HA1:G53N,HA1:N96S,HA1:D104N,HA1:N122D,HA1:T135A,HA1:I140K,HA1:S143P,HA1:S145N,HA1:I192F,HA1:I223V,HA1:K276E,HA2:N49S,SigPep:T3A					T475C,A519G	0	0	2	2								4	0	good	0	15	-3	0	good	2						0		0	0	good		0	0	good	0				
22	51199_2_79|27.02.2025|Switzerland|SG	J.2	3C.2a1b.2a.2a.3a.1	J.2	2a.3a.1	J.2	-0	HA1:22:NGT;HA1:38:NAT;HA1:45:NSS;HA1:63:NCT;HA1:94:NSS;HA1:126:NWT;HA1:133:NGT;HA1:165:NVT;HA1:246:NST;HA1:285:NGS;HA2:154:NET	0	good	35	0	0	0	0	0	15	0	0	0	4963	1	1701	0.990104772991851	false	A7G,A70G,G194A,G196A,G205A,G206A,G261A,A288G,A316C,A335G,C387T,C396A,A412G,T432C,C447T,T467A,T527A,C597T,C600T,A622T,A715G,T861C,A874G,T897C,T972C,A1020T,C1047T,A1083G,G1087A,T1119C,A1181G,A1201G,A1386G,T1506C,C1593T				HA1:N8D,HA1:G49D,HA1:E50K,HA1:G53N,HA1:N96S,HA1:N122D,HA1:I140K,HA1:I160K,HA1:I192F,HA1:I223V,HA1:K276E,HA2:V18M,HA2:N49S,HA2:I56V,SigPep:T3A					G194A,T527A,T897C,A1083G,A1201G	0	0	5	5								4	0	good	0	15	0	0	good	5						0		0	0	good		0	0	good	0				
24	51199_2_89|14.03.2025|Switzerland|ZH	J.2	3C.2a1b.2a.2a.3a.1	J.2	2a.3a.1	J.2	-0	HA1:22:NGT;HA1:38:NAT;HA1:45:NSS;HA1:63:NCT;HA1:126:NWT;HA1:133:NGT;HA1:165:NVT;HA1:246:NST;HA1:285:NGS;HA2:154:NET	6.250000	good	33	0	0	0	0	1	12	0	0	0	4971	1	1701	0.989522700814901	false	A7G,A70G,A73G,G196A,G205A,G206A,G261A,A288G,A316C,A335T,C387T,C396A,A412G,T432C,C447T,T467A,C597T,C600T,A622T,A759G,G813A,T861C,A874G,T972C,A1020T,C1047T,G1087A,T1119C,A1181G,G1185A,A1386G,T1506C,C1593T				HA1:N8D,HA1:S9G,HA1:E50K,HA1:G53N,HA1:N96I,HA1:N122D,HA1:I140K,HA1:I192F,HA1:K276E,HA2:V18M,HA2:N49S,SigPep:T3A					A759G,G813A,G1185A	0	0	3	3			K:477					4	25	good	1	15	-2	0	good	3						0		0	0	good		0	0	good	0				
25	51199_2_90|14.03.2025|Switzerland|BL	J.2	3C.2a1b.2a.2a.3a.1	J.2	2a.3a.1	J.2	1	HA1:22:NGT;HA1:38:NAT;HA1:45:NSS;HA1:63:NCT;HA1:94:NSS;HA1:126:NWT;HA1:133:NGT;HA1:165:NVT;HA1:246:NST;HA1:285:NGS;HA2:154:NET	0	good	33	0	19	0	0	0	13	0	0	0	5022	1	1718	1	false	A7G,C8T,A70G,G196A,G205A,G206A,G261A,A288G,A316C,A335G,C387T,C396A,A412G,T432C,T467A,G482A,C597T,C600T,A622T,A651G,A715G,G765A,T861C,A874G,T972C,A1020T,C1047T,G1087A,T1119C,A1181G,A1386G,T1440C,C1593T		0:GGATAATTCTATTAACC,1718:AC		HA1:N8D,HA1:E50K,HA1:G53N,HA1:N96S,HA1:N122D,HA1:I140K,HA1:S145N,HA1:I192F,HA1:I223V,HA1:K276E,HA2:V18M,HA2:N49S,SigPep:T3V					C8T,G482A,A651G,G765A,T1440C	0	0	5	5								4	0	good	0	15	0	0	good	5						0		0	0	good		0	0	good	0				
32	51607_1_82|09.04.2025|Switzerland|ZH	J.2	3C.2a1b.2a.2a.3a.1	J.2	2a.3a.1	J.2	1	HA1:22:NGT;HA1:38:NAT;HA1:45:NSS;HA1:63:NCT;HA1:94:NSS;HA1:126:NWT;HA1:133:NGT;HA1:165:NVT;HA1:246:NST;HA1:285:NGS;HA2:154:NET	6.250000	good	32	0	19	0	0	1	14	0	0	0	5026	1	1718	0.9994179278230501	false	A7G,A70G,G196A,G205A,G206A,G261A,A288G,A316C,A335G,C387T,C396A,A412G,T432C,C447T,T467A,G482A,C597T,C600T,A622T,A715G,T834G,T861C,A874G,T972C,A1020T,C1047T,G1087A,T1119C,A1181G,A1386G,T1506C,C1593T		0:GGATAATTCTATTAACC,1718:AC		HA1:N8D,HA1:E50K,HA1:G53N,HA1:N96S,HA1:N122D,HA1:I140K,HA1:S145N,HA1:I192F,HA1:I223V,HA1:S262R,HA1:K276E,HA2:V18M,HA2:N49S,SigPep:T3A					G482A,T834G	0	0	2	2			R:1714					4	25	good	1	15	-3	0	good	2						0		0	0	good		0	0	good	0				
23	51199_2_88|13.03.2025|Switzerland|BL	J.2	3C.2a1b.2a.2a.3a.1	J.2	2a.3a.1	J.2	1	HA1:8:NST;HA1:22:NGT;HA1:38:NAT;HA1:45:NSS;HA1:63:NCT;HA1:94:NSS;HA1:126:NWT;HA1:165:NVT;HA1:246:NST;HA1:285:NGS;HA2:154:NET	0	good	31	0	19	0	0	0	14	0	0	0	5030	1	1718	1	false	A7G,A54G,G87A,A108G,A153G,G196A,G205A,G206A,A288G,A316C,A335G,G358A,C396A,A412G,T432C,A444G,A451G,T467A,G482A,C597T,C600T,A622T,A715G,A841G,T861C,A874G,T972C,A1020T,C1047T,A1181G,A1386G		0:GGATAATTCTATTAACC,1718:AC		HA1:E50K,HA1:G53N,HA1:N96S,HA1:D104N,HA1:N122D,HA1:T135A,HA1:I140K,HA1:S145N,HA1:I192F,HA1:I223V,HA1:S265G,HA1:K276E,HA2:N49S,SigPep:T3A					G87A,A841G	0	0	2	2								4	0	good	0	15	-3	0	good	2						0		0	0	good		0	0	good	0				
30	51607_1_38|22.03.2025|Switzerland|BS	J.2	3C.2a1b.2a.2a.3a.1	J.2	2a.3a.1	J.2	2	HA1:8:NST;HA1:22:NGT;HA1:38:NAT;HA1:45:NSS;HA1:63:NCT;HA1:94:NSS;HA1:126:NWT;HA1:165:NVT;HA1:246:NST;HA1:285:NGS;HA2:154:NET	0	good	32	0	19	0	0	0	15	0	0	0	5026	1	1718	1	false	A7G,A54G,A108G,A153G,G196A,G205A,G206A,A288G,A316C,A335G,G358A,C396A,A412G,T432C,A444G,A451G,T467A,G482A,A520G,C597T,C600T,A622T,A715G,A722G,T861C,A874G,T972C,A1020T,C1047T,A1181G,G1356A,A1386G		0:GGATAATTCTATTAACC,1718:AC		HA1:E50K,HA1:G53N,HA1:N96S,HA1:D104N,HA1:N122D,HA1:T135A,HA1:I140K,HA1:S145N,HA1:N158D,HA1:I192F,HA1:I223V,HA1:D225G,HA1:K276E,HA2:N49S,SigPep:T3A					A520G,A722G	0	0	2	2								4	0	good	0	15	-3	0	good	2						0		0	0	good		0	0	good	0				
34	51607_1_92|31.03.2025|Switzerland|ZH	J.2	3C.2a1b.2a.2a.3a.1	J.2	2a.3a.1	J.2	-0	HA1:22:NGT;HA1:38:NAT;HA1:45:NSS;HA1:63:NCT;HA1:126:NWT;HA1:133:NGT;HA1:165:NVT;HA1:246:NST;HA1:285:NGS;HA2:154:NET	0	good	33	0	0	0	0	0	13	0	0	0	4971	1	1701	0.990104772991851	false	A7G,A70G,A111G,G196A,G205A,G206A,G261A,A288G,A316C,A335T,C387T,C396A,A412G,T432C,C447T,T467A,C597T,C600T,A622T,A715G,T777C,T861C,A874G,T972C,A1020T,C1047T,G1087A,T1119C,A1181G,G1264A,A1386G,T1506C,C1593T				HA1:N8D,HA1:E50K,HA1:G53N,HA1:N96I,HA1:N122D,HA1:I140K,HA1:I192F,HA1:I223V,HA1:K276E,HA2:V18M,HA2:N49S,HA2:V77I,SigPep:T3A					A111G,T777C,G1264A	0	0	3	3								4	0	good	0	15	-2	0	good	3						0		0	0	good		0	0	good	0				
27	51607_1_1|11.04.2025|Switzerland|AG	J.2.2	3C.2a1b.2a.2a.3a.1	J.2.2	2a.3a.1	J.2.2	-0	HA1:8:NST;HA1:22:NGT;HA1:38:NAT;HA1:45:NSS;HA1:94:NSS;HA1:126:NWT;HA1:133:NGT;HA1:165:NVT;HA1:246:NST;HA1:285:NGS;HA2:154:NET	0	good	29	0	0	0	0	0	13	0	0	0	4987	1	1701	0.990104772991851	false	A7G,G196A,A198G,G205A,G206A,C242A,A288G,A316C,A335G,C396A,A412G,G419A,T432C,T467A,C597T,C600T,A622T,G630A,A715G,T861C,A874G,A906C,T972C,C1019T,A1020T,C1047T,A1181G,A1386G,C1593T				HA1:E50K,HA1:G53N,HA1:T65K,HA1:N96S,HA1:N122D,HA1:S124N,HA1:I140K,HA1:I192F,HA1:I223V,HA1:K276E,HA1:P324L,HA2:N49S,SigPep:T3A					A198G,G630A,C1019T	0	0	3	3								4	0	good	0	15	-2	0	good	3						0		0	0	good		0	0	good	0				
33	51607_1_90|03.04.2025|Switzerland|AG	J.2	3C.2a1b.2a.2a.3a.1	J.2	2a.3a.1	J.2	1	HA1:22:NGT;HA1:38:NAT;HA1:45:NSS;HA1:63:NCT;HA1:94:NSS;HA1:126:NWT;HA1:133:NGT;HA1:165:NVT;HA1:246:NST;HA1:285:NGS;HA2:154:NET	0	good	32	0	0	0	0	0	14	0	0	0	4975	1	1701	0.990104772991851	false	A7G,A70G,G196A,G205A,G206A,G261A,A288G,A316C,A335G,C387T,C396A,A412G,T432C,C447T,T467A,G482A,C597T,C600T,A622T,A715G,T834G,T861C,A874G,T972C,A1020T,C1047T,G1087A,T1119C,A1181G,A1386G,T1506C,C1593T				HA1:N8D,HA1:E50K,HA1:G53N,HA1:N96S,HA1:N122D,HA1:I140K,HA1:S145N,HA1:I192F,HA1:I223V,HA1:S262R,HA1:K276E,HA2:V18M,HA2:N49S,SigPep:T3A					G482A,T834G	0	0	2	2								4	0	good	0	15	-3	0	good	2						0		0	0	good		0	0	good	0				
31	51607_1_78|13.04.2025|Switzerland|AG	J.2	3C.2a1b.2a.2a.3a.1	J.2	2a.3a.1	J.2	-0	HA1:22:NGT;HA1:38:NAT;HA1:45:NSS;HA1:63:NCT;HA1:126:NWT;HA1:133:NGT;HA1:165:NVT;HA1:246:NST;HA1:285:NGS;HA2:154:NET	0	good	32	0	0	0	0	0	13	0	0	0	4975	1	1701	0.990104772991851	false	A7G,A70G,A73G,G196A,G205A,G206A,G261A,A288G,A316C,A335T,C387T,C396A,A412G,T432C,C447T,T467A,C597T,C600T,A622T,A762G,T861C,A874G,T972C,A1020T,C1047T,G1087A,T1119C,A1181G,A1386G,T1506C,A1537C,C1593T				HA1:N8D,HA1:S9G,HA1:E50K,HA1:G53N,HA1:N96I,HA1:N122D,HA1:I140K,HA1:I192F,HA1:K276E,HA2:V18M,HA2:N49S,HA2:N168H,SigPep:T3A					A762G,A1537C	0	0	2	2								4	0	good	0	15	-3	0	good	2						0		0	0	good		0	0	good	0				
36	51607_1_9|03.04.2025|Switzerland|BS	J.2.2	3C.2a1b.2a.2a.3a.1	J.2.2	2a.3a.1	J.2.2	-0	HA1:8:NST;HA1:22:NGT;HA1:38:NAT;HA1:45:NSS;HA1:94:NSS;HA1:126:NWT;HA1:133:NGT;HA1:165:NVT;HA1:246:NST;HA1:285:NGS;HA2:154:NET	0	good	29	0	0	0	0	0	12	0	0	0	4987	1	1701	0.990104772991851	false	A7G,G196A,G205A,G206A,C242A,A288G,A297G,A316C,A335G,C396A,A412G,G419A,T432C,C447T,T467A,C597T,C600T,A622T,T684A,A715G,T861C,A874G,A906C,T972C,A1020T,C1047T,G1087A,A1386G,C1593T				HA1:E50K,HA1:G53N,HA1:T65K,HA1:N96S,HA1:N122D,HA1:S124N,HA1:I140K,HA1:I192F,HA1:I223V,HA1:K276E,HA2:V18M,SigPep:T3A						0	0	0	0								4	0	good	0	15	-5	0	good	0						0		0	0	good		0	0	good	0				
35	51607_1_93|31.03.2025|Switzerland|AG	J.2	3C.2a1b.2a.2a.3a.1	J.2	2a.3a.1	J.2	1	HA1:22:NGT;HA1:38:NAT;HA1:45:NSS;HA1:63:NCT;HA1:94:NSS;HA1:126:NWT;HA1:133:NGT;HA1:165:NVT;HA1:246:NST;HA1:285:NGS;HA2:154:NET	0	good	35	0	0	0	0	0	14	0	0	0	4963	1	1701	0.990104772991851	false	A7G,A70G,G196A,G205A,G206A,G261A,A288G,G294A,A316C,A335G,C387T,C396A,A412G,T432C,C447T,T467A,G482A,G591A,C597T,C600T,A622T,G658A,A715G,G765A,T861C,A874G,T972C,A1020T,C1047T,G1087A,T1119C,A1181G,A1386G,T1506C,C1593T				HA1:N8D,HA1:E50K,HA1:G53N,HA1:N96S,HA1:N122D,HA1:I140K,HA1:S145N,HA1:I192F,HA1:V204I,HA1:I223V,HA1:K276E,HA2:V18M,HA2:N49S,SigPep:T3A					G294A,G482A,G591A,G658A,G765A	0	0	5	5								4	0	good	0	15	0	0	good	5						0		0	0	good		0	0	good	0				
37	51607_2_21|25.03.2025|Switzerland|ZH	J.2	3C.2a1b.2a.2a.3a.1	J.2	2a.3a.1	J.2	1	HA1:8:NST;HA1:22:NGT;HA1:38:NAT;HA1:45:NSS;HA1:63:NCT;HA1:94:NSS;HA1:126:NWT;HA1:165:NVT;HA1:246:NST;HA1:285:NGS;HA2:154:NET	25	good	31	0	19	0	0	2	13	0	0	1	5030	1	1718	0.9988358556461001	false	A7G,A54G,A108G,A153G,G196A,G205A,G206A,A288G,A316C,A335G,G358A,C396A,A412G,T432C,A444G,A451G,T467A,G482A,C597T,C600T,A622T,A715G,T861C,A874G,A951C,T972C,A1020T,C1047T,A1181G,G1356A,A1386G		0:GGATAATTCTATTAACC,1718:AC		HA1:E50K,HA1:G53N,HA1:N96S,HA1:D104N,HA1:N122D,HA1:T135A,HA1:I140K,HA1:S145N,HA1:I192F,HA1:I223V,HA1:K276E,HA2:N49S,SigPep:T3A						0	0	0	0		HA1:258	M:822,R:1714					4	50	mediocre	2	15	-5	0	good	0						0		0	0	good		0	0	good	0				
38	51607_2_24|24.03.2025|Switzerland|GR	J.2	3C.2a1b.2a.2a.3a.1	J.2	2a.3a.1	J.2	1	HA1:8:NST;HA1:22:NGT;HA1:38:NAT;HA1:45:NSS;HA1:63:NCT;HA1:94:NSS;HA1:126:NWT;HA1:165:NVT;HA1:246:NST;HA1:285:NGS;HA2:154:NET	0	good	30	0	0	0	0	0	13	0	0	0	4983	1	1701	0.990104772991851	false	A7G,A54G,A108G,A153G,G196A,G205A,G206A,A288G,A316C,A335G,G358A,C396A,A412G,T432C,A444G,A451G,T467A,G482A,C597T,C600T,A622T,A715G,T861C,A874G,T972C,A1020T,C1047T,A1181G,A1386G,C1650T				HA1:E50K,HA1:G53N,HA1:N96S,HA1:D104N,HA1:N122D,HA1:T135A,HA1:I140K,HA1:S145N,HA1:I192F,HA1:I223V,HA1:K276E,HA2:N49S,SigPep:T3A					C1650T	0	0	1	1								4	0	good	0	15	-4	0	good	1						0		0	0	good		0	0	good	0				
39	51607_2_26|29.03.2025|Switzerland|AG	J.2	3C.2a1b.2a.2a.3a.1	J.2	2a.3a.1	J.2	1	HA1:8:NST;HA1:22:NGT;HA1:38:NAT;HA1:45:NSS;HA1:63:NCT;HA1:94:NSS;HA1:126:NWT;HA1:165:NVT;HA1:246:NST;HA1:285:NGS;HA2:154:NET	0	good	29	0	0	0	0	0	13	0	0	0	4987	1	1701	0.990104772991851	false	A7G,A54G,A108G,A153G,G196A,G205A,G206A,A288G,A316C,A335G,G358A,C396A,A412G,T432C,A444G,A451G,T467A,G482A,C597T,C600T,A622T,A715G,T861C,A874G,T972C,A1020T,C1047T,A1181G,A1386G				HA1:E50K,HA1:G53N,HA1:N96S,HA1:D104N,HA1:N122D,HA1:T135A,HA1:I140K,HA1:S145N,HA1:I192F,HA1:I223V,HA1:K276E,HA2:N49S,SigPep:T3A						0	0	0	0								4	0	good	0	15	-5	0	good	0						0		0	0	good		0	0	good	0				
28	51607_1_29|07.04.2025|Switzerland|ZH	J.2	3C.2a1b.2a.2a.3a.1	J.2	2a.3a.1	J.2	1	HA1:8:NST;HA1:22:NGT;HA1:38:NAT;HA1:45:NSS;HA1:63:NCT;HA1:94:NSS;HA1:126:NWT;HA1:165:NVT;HA1:246:NST;HA1:285:NGS;HA2:154:NET	0	good	29	0	0	0	0	0	13	0	0	0	4987	1	1701	0.990104772991851	false	A7G,A54G,A108G,A153G,G196A,G205A,G206A,A288G,A316C,A335G,G358A,C396A,A412G,T432C,A444G,A451G,T467A,G482A,C597T,C600T,A622T,A715G,T861C,A874G,T972C,A1020T,C1047T,A1181G,A1386G				HA1:E50K,HA1:G53N,HA1:N96S,HA1:D104N,HA1:N122D,HA1:T135A,HA1:I140K,HA1:S145N,HA1:I192F,HA1:I223V,HA1:K276E,HA2:N49S,SigPep:T3A						0	0	0	0								4	0	good	0	15	-5	0	good	0						0		0	0	good		0	0	good	0				
40	51607_2_46|30.03.2025|Switzerland|AG	J.2	3C.2a1b.2a.2a.3a.1	J.2	2a.3a.1	J.2	1	HA1:22:NGT;HA1:38:NAT;HA1:45:NSS;HA1:63:NCT;HA1:94:NSS;HA1:126:NWT;HA1:133:NGT;HA1:165:NVT;HA1:246:NST;HA1:285:NGS;HA2:154:NET	0	good	32	0	0	0	0	0	14	0	0	0	4975	1	1701	0.990104772991851	false	A7G,A70G,G196A,G205A,G206A,G261A,A288G,A316C,A335G,C387T,C396A,A412G,T432C,C447T,T467A,G482A,C597T,C600T,A622T,A715G,T834G,T861C,A874G,T972C,A1020T,C1047T,G1087A,T1119C,A1181G,A1386G,T1506C,C1593T				HA1:N8D,HA1:E50K,HA1:G53N,HA1:N96S,HA1:N122D,HA1:I140K,HA1:S145N,HA1:I192F,HA1:I223V,HA1:S262R,HA1:K276E,HA2:V18M,HA2:N49S,SigPep:T3A					G482A,T834G	0	0	2	2								4	0	good	0	15	-3	0	good	2						0		0	0	good		0	0	good	0				
