strain	SampleID	date	country	location	virus_subtype	database	lineage	total_mapped_reads	Virus_Taxon_ID	percentage_of_genome_covered	virus_identified	Plate_ID	Hospital_Type	Panel_Type	Virus_PCR	CT_Value	Virus	Reference_Taxon_ID	Selected_Reference	Type High Confidence	Type - Low Confidence	sample_id	Well_Location	Sampled_Date	Canton
m2-3Fa9rz|2023-05-16|Switzerland|ZH	m2-3Fa9rz	2023-05-16	Switzerland	ZH	RSV A	revseq_1	A.D.5.2	4480	208893	86	Respiratory syncytial virus (type A)	010623RVS-m2	NA	flu_rsv	RSV - A/B	NA	NA	NA	NA	NA	NA	NA	NA	NA	NA
m2-36z874|2023-10-23|Switzerland|ZH	m2-36z874	2023-10-23	Switzerland	ZH	RSV A	revseq_1	A.D.1.9	188143	208893	100	Respiratory syncytial virus (type A)	RVSeq71123-m2	NA	flu_rsv	RSV - A/B	NA	NA	NA	NA	NA	NA	NA	NA	NA	NA
m2-3fLBSP|2023-11-24|Switzerland|SO	m2-3fLBSP	2023-11-24	Switzerland	SO	RSV A	revseq_1	A.D.1.5	46389	208893	99	Respiratory syncytial virus (type A)	RVSeqPlate3-m2	NA	sars_flu_rsv	SARS-CoV-2	4	NA	NA	NA	NA	NA	NA	NA	NA	NA
m2-zwqknf|2023-11-23|Switzerland|GE	m2-zwqknf	2023-11-23	Switzerland	GE	RSV A	revseq_1	A.D.1.5	137944	208893	99	Respiratory syncytial virus (type A)	RVSeqPlate3-m2	NA	flu_rsv	RSV - A/B	NA	NA	NA	NA	NA	NA	NA	NA	NA	NA
m2-4JSa55|2023-11-29|Switzerland|AG	m2-4JSa55	2023-11-29	Switzerland	AG	RSV A	revseq_1	A.D.5.1	221113	208893	99	Respiratory syncytial virus (type A)	RVSeqPlate3-m2	NA	resp_panel	RSV - A/B	NA	NA	NA	NA	NA	NA	NA	NA	NA	NA
m2-3eGjGj|2023-12-07|Switzerland|AG	m2-3eGjGj	2023-12-07	Switzerland	AG	RSV A	revseq_1	A.D.3.1	55893	208893	99	Respiratory syncytial virus (type A)	RVSeqPlate3-m2	NA	resp_panel	NA	NA	NA	NA	NA	NA	NA	NA	NA	NA	NA
m2-zGrf4n|2023-11-20|Switzerland|GE	m2-zGrf4n	2023-11-20	Switzerland	GE	RSV A	revseq_1	A.D.1.6	751139	208893	100	Respiratory syncytial virus (type A)	RVSeqPlate3-m2	NA	flu_rsv	RSV - A/B	NA	NA	NA	NA	NA	NA	NA	NA	NA	NA
m2-8ERNNJ|2023-12-07|Switzerland|VD	m2-8ERNNJ	2023-12-07	Switzerland	VD	RSV A	revseq_1	A.D.5.1	3448	208893	83	Respiratory syncytial virus (type A)	RVSeqPlate3-m2	NA	flu_rsv	RSV - A/B	NA	NA	NA	NA	NA	NA	NA	NA	NA	NA
m2-3fGJE8|2023-11-30|Switzerland|BS	m2-3fGJE8	2023-11-30	Switzerland	BS	RSV A	revseq_1	A.D.5.2	46725	208893	99	Respiratory syncytial virus (type A)	RVSeqPlate3-m2	NA	resp_panel	RSV - A/B	NA	NA	NA	NA	NA	NA	NA	NA	NA	NA
m2-3oZJ5x|2023-11-24|Switzerland|AG	m2-3oZJ5x	2023-11-24	Switzerland	AG	RSV A	revseq_1	A.D.1.10	587514	208893	100	Respiratory syncytial virus (type A)	RVSeqPlate3-m2	ambulant	resp_panel	SARS-CoV-2	NA	NA	NA	NA	NA	NA	NA	NA	NA	NA
m2-33eCP4|2023-12-06|Switzerland|AG	m2-33eCP4	2023-12-06	Switzerland	AG	RSV A	revseq_1	A.D.1.9	64837	208893	99	Respiratory syncytial virus (type A)	RVSeqPlate3-m2	NA	resp_panel	Adenovirus, RSV - A/B	NA	NA	NA	NA	NA	NA	NA	NA	NA	NA
m2-4SRYNi|2023-11-21|Switzerland|VD	m2-4SRYNi	2023-11-21	Switzerland	VD	RSV A	revseq_1	A.D.3	50908	208893	99	Respiratory syncytial virus (type A)	RVSeqPlate3-m2	NA	resp_panel	Rhino- / Enterovirus	NA	NA	NA	NA	NA	NA	NA	NA	NA	NA
m2-NmHGDa|2023-12-29|Switzerland|BL	m2-NmHGDa	2023-12-29	Switzerland	BL	RSV A	revseq_1	A.D.5.2	156611	208893	99	Respiratory syncytial virus (type A)	RVSeqPlate4-m2	NA	resp_panel	NA	NA	NA	NA	NA	NA	NA	NA	NA	NA	NA
m2-XisgNp|2023-12-27|Switzerland|AG	m2-XisgNp	2023-12-27	Switzerland	AG	RSV A	revseq_1	A.D.1.9	61964	208893	99	Respiratory syncytial virus (type A)	RVSeqPlate4-m2	NA	resp_panel	Influenza A	NA	NA	NA	NA	NA	NA	NA	NA	NA	NA
m2-4i2tZF|2023-12-29|Switzerland|BL	m2-4i2tZF	2023-12-29	Switzerland	BL	RSV A	revseq_1	A.D.5.1	213043	208893	100	Respiratory syncytial virus (type A)	RVSeqPlate4-m2	NA	resp_panel	NA	NA	NA	NA	NA	NA	NA	NA	NA	NA	NA
m2-v3KDUF|2023-12-27|Switzerland|BL	m2-v3KDUF	2023-12-27	Switzerland	BL	RSV A	revseq_1	A.D.1.10	5640	208893	93	Respiratory syncytial virus (type A)	RVSeqPlate4-m2	NA	resp_panel	Rhino- / Enterovirus, Parainfluenza 1, RSV - A/B	NA	NA	NA	NA	NA	NA	NA	NA	NA	NA
m2-gnDemF|2023-12-27|Switzerland|BS	m2-gnDemF	2023-12-27	Switzerland	BS	RSV A	revseq_1	A.D.3	114354	208893	100	Respiratory syncytial virus (type A)	RVSeqPlate4-m2	NA	resp_panel	RSV - A/B	NA	NA	NA	NA	NA	NA	NA	NA	NA	NA
m2-Zu3u7N|2023-12-29|Switzerland|AG	m2-Zu3u7N	2023-12-29	Switzerland	AG	RSV A	revseq_1	A.D.3	43473	208893	99	Respiratory syncytial virus (type A)	RVSeqPlate4-m2	NA	resp_panel	NA	NA	NA	NA	NA	NA	NA	NA	NA	NA	NA
m2-HAAUgG|2023-12-27|Switzerland|ZH	m2-HAAUgG	2023-12-27	Switzerland	ZH	RSV A	revseq_1	A.D.5.1	34211	208893	99	Respiratory syncytial virus (type A)	RVSeqPlate4-m2	NA	flu_rsv	RSV - A/B	NA	NA	NA	NA	NA	NA	NA	NA	NA	NA
m2-HXHQAT|2023-12-20|Switzerland|BS	m2-HXHQAT	2023-12-20	Switzerland	BS	RSV A	revseq_1	A.D.5.1	59042	208893	99	Respiratory syncytial virus (type A)	RVSeqPlate4-m2	NA	resp_panel	Rhino- / Enterovirus, Metapneumovirus, RSV - A/B	NA	NA	NA	NA	NA	NA	NA	NA	NA	NA
m2-MT4r8p|2023-12-20|Switzerland|BE	m2-MT4r8p	2023-12-20	Switzerland	BE	RSV A	revseq_1	A.D.1.6	6402	208893	91	Respiratory syncytial virus (type A)	RVSeqPlate4-m2	NA	resp_panel	SARS-CoV-2	NA	NA	NA	NA	NA	NA	NA	NA	NA	NA
m2-xPAa2d|2023-12-22|Switzerland|VD	m2-xPAa2d	2023-12-22	Switzerland	VD	RSV A	revseq_1	A.D.1.9	16392	208893	98	Respiratory syncytial virus (type A)	RVSeqPlate4-m2	NA	resp_panel	RSV - A/B	NA	NA	NA	NA	NA	NA	NA	NA	NA	NA
m2-HXGr8V|2023-12-28|Switzerland|SZ	m2-HXGr8V	2023-12-28	Switzerland	SZ	RSV A	revseq_1	A.D.1.11	100192	208893	100	Respiratory syncytial virus (type A)	RVSeqPlate4-m2	NA	sars_flu_rsv	SARS-CoV-2	4	NA	NA	NA	NA	NA	NA	NA	NA	NA
m2-GpvELC|2024-01-19|Switzerland|AG	m2-GpvELC	2024-01-19	Switzerland	AG	RSV A	revseq_1	A.D.3	12337	208893	97	Respiratory syncytial virus (type A)	RVSeqPlate5-m2	NA	flu_rsv	RSV - A/B	NA	NA	NA	NA	NA	NA	NA	NA	NA	NA
m2-ahT4kF|2024-01-29|Switzerland|BS	m2-ahT4kF	2024-01-29	Switzerland	BS	RSV A	revseq_1	A.D.1.11	499445	208893	100	Respiratory syncytial virus (type A)	RVSeqPlate6-m2	NA	flu_rsv	RSV - A/B	NA	NA	NA	NA	NA	NA	NA	NA	NA	NA
m2-G8vc2N|2024-02-02|Switzerland|SO	m2-G8vc2N	2024-02-02	Switzerland	SO	RSV A	revseq_1	A.D.5.2	645764	208893	100	Respiratory syncytial virus (type A)	RVSeqPlate6-m2	NA	resp_panel	RSV - A/B	NA	NA	NA	NA	NA	NA	NA	NA	NA	NA
m2-nf9ieP|2024-01-24|Switzerland|VD	m2-nf9ieP	2024-01-24	Switzerland	VD	RSV A	revseq_1	A.D.1.6	225914	208893	99	Respiratory syncytial virus (type A)	RVSeqPlate6-m2	NA	resp_panel	RSV - A/B	NA	NA	NA	NA	NA	NA	NA	NA	NA	NA
m2-Q8Ba9A|2024-01-30|Switzerland|BS	m2-Q8Ba9A	2024-01-30	Switzerland	BS	RSV A	revseq_1	A.D.3	184792	208893	100	Respiratory syncytial virus (type A)	RVSeqPlate6-m2	NA	flu_rsv	RSV - A/B	NA	NA	NA	NA	NA	NA	NA	NA	NA	NA
m2-k9vgiw|2024-01-31|Switzerland|BS	m2-k9vgiw	2024-01-31	Switzerland	BS	RSV A	revseq_1	A.D.5.1	92328	208893	99	Respiratory syncytial virus (type A)	RVSeqPlate6-m2	NA	sars_flu_rsv	RSV - A/B	20	NA	NA	NA	NA	NA	NA	NA	NA	NA
m2-M5iqYC|2024-01-30|Switzerland|GR	m2-M5iqYC	2024-01-30	Switzerland	GR	RSV A	revseq_1	A.D.1.10	1634754	208893	100	Respiratory syncytial virus (type A)	RVSeqPlate6-m2	NA	resp_panel	RSV - A/B	NA	NA	NA	NA	NA	NA	NA	NA	NA	NA
m2-T5VXtD|2024-01-30|Switzerland|AG	m2-T5VXtD	2024-01-30	Switzerland	AG	RSV A	revseq_1	A.D.5.1	5856	208893	93	Respiratory syncytial virus (type A)	RVSeqPlate6-m2	NA	resp_panel	RSV - A/B	NA	NA	NA	NA	NA	NA	NA	NA	NA	NA
m2-RCdbJH|2024-02-21|Switzerland|BL	m2-RCdbJH	2024-02-21	Switzerland	BL	RSV A	revseq_1	A.D.1.9	99735	208893	99	Respiratory syncytial virus (type A)	RVSeqPlate7-m2	NA	flu_rsv	RSV - A/B	NA	NA	NA	NA	NA	NA	NA	NA	NA	NA
m2-yebiMQ|2024-02-23|Switzerland|ZH	m2-yebiMQ	2024-02-23	Switzerland	ZH	RSV A	revseq_1	A.D.3	1081962	208893	100	Respiratory syncytial virus (type A)	RVSeqPlate7-m2	NA	resp_panel	SARS-CoV-2, Adenovirus, RSV - A/B	NA	NA	NA	NA	NA	NA	NA	NA	NA	NA
m2-sVxWai|2024-02-17|Switzerland|AG	m2-sVxWai	2024-02-17	Switzerland	AG	RSV A	revseq_1	A.D.1.9	14380	208893	96	Respiratory syncytial virus (type A)	RVSeqPlate7-m2	NA	sars_flu_rsv	RSV - A/B	18	NA	NA	NA	NA	NA	NA	NA	NA	NA
m2-hHKDyB|2024-02-15|Switzerland|BS	m2-hHKDyB	2024-02-15	Switzerland	BS	RSV A	revseq_1	A.D.3.1	2388	208893	50	Respiratory syncytial virus (type A)	RVSeqPlate7-m2	NA	resp_panel	RSV - A/B	NA	NA	NA	NA	NA	NA	NA	NA	NA	NA
m2-GbMzJy|2024-02-16|Switzerland|BL	m2-GbMzJy	2024-02-16	Switzerland	BL	RSV A	revseq_1	A.D.3	181664	208893	100	Respiratory syncytial virus (type A)	RVSeqPlate7-m2	NA	resp_panel	RSV - A/B	NA	NA	NA	NA	NA	NA	NA	NA	NA	NA
m2-Qf8cLC|2024-02-22|Switzerland|BS	m2-Qf8cLC	2024-02-22	Switzerland	BS	RSV A	revseq_1	A.D.5.1	48302	208893	99	Respiratory syncytial virus (type A)	RVSeqPlate7-m2	NA	flu_rsv	RSV - A/B	NA	NA	NA	NA	NA	NA	NA	NA	NA	NA
m2-SrvHnQ|2024-02-22|Switzerland|BL	m2-SrvHnQ	2024-02-22	Switzerland	BL	RSV A	revseq_1	A.D.5.2	258946	208893	100	Respiratory syncytial virus (type A)	RVSeqPlate7-m2	NA	resp_panel	RSV - A/B	NA	NA	NA	NA	NA	NA	NA	NA	NA	NA
m2-NDEjHn|2024-02-17|Switzerland|AG	m2-NDEjHn	2024-02-17	Switzerland	AG	RSV A	revseq_1	A.D.1.10	20693	208893	94	Respiratory syncytial virus (type A)	RVSeqPlate7-m2	NA	flu_rsv	RSV - A/B	NA	NA	NA	NA	NA	NA	NA	NA	NA	NA
m2-G86emu|2024-02-21|Switzerland|BS	m2-G86emu	2024-02-21	Switzerland	BS	RSV A	revseq_1	A.D.5.1	12125	208893	97	Respiratory syncytial virus (type A)	RVSeqPlate7-m2	NA	resp_panel	Rhino- / Enterovirus, RSV - A/B	NA	NA	NA	NA	NA	NA	NA	NA	NA	NA
m2-AnXy9n|2024-02-16|Switzerland|BL	m2-AnXy9n	2024-02-16	Switzerland	BL	RSV A	revseq_1	A.D.3	2044665	208893	100	Respiratory syncytial virus (type A)	RVSeqPlate7-m2	NA	resp_panel	RSV - A/B	NA	NA	NA	NA	NA	NA	NA	NA	NA	NA
m2-CgiSAY|2024-03-20|Switzerland|AG	m2-CgiSAY	2024-03-20	Switzerland	AG	RSV A	revseq_1	A.D.1.9	98310	208893	100	Respiratory syncytial virus (type A)	RVSeqPlate8-m2	stationär	sars_flu_rsv	RSV - A/B, SARS-CoV-2	NA	NA	NA	NA	NA	NA	NA	NA	NA	NA
m2-wF4k2T|2024-03-07|Switzerland|SZ	m2-wF4k2T	2024-03-07	Switzerland	SZ	RSV A	revseq_1	A.D.2.1	130463	208893	100	Respiratory syncytial virus (type A)	RVSeqPlate8-m2	NA	sars_flu_rsv	RSV - A/B	18	NA	NA	NA	NA	NA	NA	NA	NA	NA
m2-FcN3wC|2024-03-05|Switzerland|AG	m2-FcN3wC	2024-03-05	Switzerland	AG	RSV A	revseq_1	A.D.1.9	1076439	208893	100	Respiratory syncytial virus (type A)	RVSeqPlate8-m2	ambulant	flu_rsv	RSV - A/B	NA	NA	NA	NA	NA	NA	NA	NA	NA	NA
m2-ND22rx|2024-03-04|Switzerland|BL	m2-ND22rx	2024-03-04	Switzerland	BL	RSV A	revseq_1	A.D.5.2	7779	208893	98	Respiratory syncytial virus (type A)	RVSeqPlate8-m2	NA	sars_flu_rsv	RSV - A/B	28	NA	NA	NA	NA	NA	NA	NA	NA	NA
m2-pzbDPq|2024-02-29|Switzerland|BL	m2-pzbDPq	2024-02-29	Switzerland	BL	RSV A	revseq_1	A.D.5.1	8001	208893	90	Respiratory syncytial virus (type A)	RVSeqPlate8-m2	NA	flu_rsv	RSV - A/B	NA	NA	NA	NA	NA	NA	NA	NA	NA	NA
m2-Di2qm7|2024-02-27|Switzerland|ZH	m2-Di2qm7	2024-02-27	Switzerland	ZH	RSV A	revseq_1	A.D.1.9	36654	208893	99	Respiratory syncytial virus (type A)	RVSeqPlate8-m2	NA	flu_rsv	RSV - A/B	NA	NA	NA	NA	NA	NA	NA	NA	NA	NA
m2-afGSAT|2024-03-04|Switzerland|BE	m2-afGSAT	2024-03-04	Switzerland	BE	RSV A	revseq_1	A.D.1.9	1648787	208893	100	Respiratory syncytial virus (type A)	RVSeqPlate8-m2	NA	flu_rsv	RSV - A/B	NA	NA	NA	NA	NA	NA	NA	NA	NA	NA
m2-DBKZHX|2024-03-04|Switzerland|AG	m2-DBKZHX	2024-03-04	Switzerland	AG	RSV A	revseq_1	A.D.5.1	1561896	208893	100	Respiratory syncytial virus (type A)	RVSeqPlate8-m2	NA	sars_flu_rsv	RSV - A/B	19	NA	NA	NA	NA	NA	NA	NA	NA	NA
m2-2MHu4K|2024-03-13|Switzerland|BL	m2-2MHu4K	2024-03-13	Switzerland	BL	RSV A	revseq_1	A.D.1.11	22238	208893	99	Respiratory syncytial virus (type A)	RVSeqPlate9-m2	stationär	sars_flu_rsv	RSV - A/B	24	NA	NA	NA	NA	NA	NA	NA	NA	NA
m2-iZ7TLc|2024-03-12|Switzerland|AG	m2-iZ7TLc	2024-03-12	Switzerland	AG	RSV A	revseq_1	A.D.1.10	156610	208893	100	Respiratory syncytial virus (type A)	RVSeqPlate9-m2	ambulant	flu_rsv	RSV - A/B	NA	NA	NA	NA	NA	NA	NA	NA	NA	NA
m2-Ki8Aa3|2024-03-12|Switzerland|AG	m2-Ki8Aa3	2024-03-12	Switzerland	AG	RSV A	revseq_1	A.D.1.5	21289	208893	98	Respiratory syncytial virus (type A)	RVSeqPlate9-m2	NA	flu_rsv	RSV - A/B	NA	NA	NA	NA	NA	NA	NA	NA	NA	NA
m2-Kr6366|2024-04-10|Switzerland|SG	m2-Kr6366	2024-04-10	Switzerland	SG	RSV A	revseq_1	A.D.3.1	21334	208893	99	Respiratory syncytial virus (type A)	RVSeqPlate10-m2	NA	resp_panel	RSV - A/B	NA	NA	NA	NA	NA	NA	NA	NA	NA	NA
m2-9eyPAv|2024-03-30|Switzerland|AG	m2-9eyPAv	2024-03-30	Switzerland	AG	RSV A	revseq_1	A.D.1.9	42915	208893	99	Respiratory syncytial virus (type A)	RVSeqPlate10-m2	NA	flu_rsv	RSV - A/B, Influenza A	NA	NA	NA	NA	NA	NA	NA	NA	NA	NA
m2-qFQ9kJ|2024-04-10|Switzerland|SG	m2-qFQ9kJ	2024-04-10	Switzerland	SG	RSV A	revseq_1	A.D.3.1	2602	208893	63	Respiratory syncytial virus (type A)	RVSeqPlate10-m2	NA	resp_panel	RSV - A/B	NA	NA	NA	NA	NA	NA	NA	NA	NA	NA
m2-BP3DjK|2024-03-20|Switzerland|AG	m2-BP3DjK	2024-03-20	Switzerland	AG	RSV A	revseq_1	A.D.5.2	1929789	208893	100	Respiratory syncytial virus (type A)	RVSeqPlate10-m2	NA	sars_flu_rsv	RSV - A/B	15	NA	NA	NA	NA	NA	NA	NA	NA	NA
51199_1_14|31.01.2025|Switzerland|GR	51199_1_14	31.01.2025	Switzerland	GR	RSV A	revseq_2	A.D.1.5	6639075	3049954	100	RSV A	ETH_Plate1	NA	resp_panel	Rhino-/Enterovirus, Parainfluenza 1	NA	Orthopneumovirus hominis	8420992	RSV A EPI_ISL_412866	A	A	47065372	G2	31.01.2025	GR
51199_1_23|09.01.2025|Switzerland|ZH	51199_1_23	09.01.2025	Switzerland	ZH	RSV A	revseq_2	A.D.3	3875269	3049954	100	RSV A	ETH_Plate1	NA	sars_flu_rsv_panel	RSV - A/B	18	Orthopneumovirus hominis	8420992	RSV A EPI_ISL_412866	A	A	46795296	G3	09.01.2025	ZH
51199_1_24|11.01.2025|Switzerland|ZH	51199_1_24	11.01.2025	Switzerland	ZH	RSV A	revseq_2	A.D.3	151991	3049954	99.92	RSV A	ETH_Plate1	NA	sars_flu_rsv_panel	RSV - A/B	22	Orthopneumovirus hominis	8420992	RSV A EPI_ISL_412866	A	A	46822456	H3	11.01.2025	ZH
51199_1_25|24.01.2025|Switzerland|BS	51199_1_25	24.01.2025	Switzerland	BS	RSV A	revseq_2	A.D.1.11	11251773	3049954	100	RSV A	ETH_Plate1	NA	sars_flu_rsv_panel	RSV - A/B	15	Orthopneumovirus hominis	8420992	RSV A EPI_ISL_412866	A	A	46978744	A4	24.01.2025	BS
51199_1_27|17.01.2025|Switzerland|AG	51199_1_27	17.01.2025	Switzerland	AG	RSV A	revseq_2	A.D.1.9	24412	3049954	98.8	RSV A	ETH_Plate1	NA	flu_rsv_panel	RSV - A/B	NA	Orthopneumovirus hominis	8420992	RSV A EPI_ISL_412866	A	A	46904271	C4	17.01.2025	AG
51199_1_28|17.01.2025|Switzerland|BL	51199_1_28	17.01.2025	Switzerland	BL	RSV A	revseq_2	A.D.1.11	242132	3049954	99.68	RSV A	ETH_Plate1	NA	sars_flu_rsv_panel	RSV - A/B	19	Orthopneumovirus hominis	8420992	RSV A EPI_ISL_412866	A	A	46900209	D4	17.01.2025	BL
51199_1_42|18.12.2024|Switzerland|BL	51199_1_42	18.12.2024	Switzerland	BL	RSV A	revseq_2	A.D.1.5	1076472	3049954	100	RSV A	ETH_Plate1	NA	resp_panel	RSV - A/B	NA	Orthopneumovirus hominis	8420992	RSV A EPI_ISL_412866	A	A	46646402	B6	18.12.2024	BL
51199_1_43|18.12.2024|Switzerland|ZH	51199_1_43	18.12.2024	Switzerland	ZH	RSV A	revseq_2	A.D.3	1937203	3049954	100	RSV A	ETH_Plate1	NA	flu_rsv_panel	RSV - A/B	NA	Orthopneumovirus hominis	8420992	RSV A EPI_ISL_412866	A	A	46650440	C6	18.12.2024	ZH
51199_1_45|17.12.2024|Switzerland|GE	51199_1_45	17.12.2024	Switzerland	GE	RSV A	revseq_2	A.D.3.11	139957	3049954	99.07	RSV A	ETH_Plate1	NA	flu_rsv_panel	RSV - A/B	NA	Orthopneumovirus hominis	8420992	RSV A EPI_ISL_412866	A	A	46642461	E6	17.12.2024	GE
51199_1_5|02.01.2025|Switzerland|GR	51199_1_5	02.01.2025	Switzerland	GR	RSV A	revseq_2	A.D.1.9	120773	3049954	99.89	RSV A	ETH_Plate1	stationär	resp_panel	RSV - A/B	NA	Orthopneumovirus hominis	8420992	RSV A EPI_ISL_412866	A	A	46731882	E1	02.01.2025	GR
51199_1_53|05.12.2024|Switzerland|BS	51199_1_53	05.12.2024	Switzerland	BS	RSV A	revseq_2	A.D.5.2	670178	3049954	100	RSV A	ETH_Plate1	NA	resp_panel	RSV - A/B	NA	Orthopneumovirus hominis	8420992	RSV A EPI_ISL_412866	A	A	46501385	E7	05.12.2024	BS
51199_1_57|05.12.2024|Switzerland|AG	51199_1_57	05.12.2024	Switzerland	AG	RSV A	revseq_2	A.D.1.9	4321844	3049954	100	RSV A	ETH_Plate1	NA	flu_rsv_panel	RSV - A/B	NA	Orthopneumovirus hominis	8420992	RSV A EPI_ISL_412866	A	A	46498081	A8	05.12.2024	AG
51199_1_6|04.01.2025|Switzerland|BS	51199_1_6	04.01.2025	Switzerland	BS	RSV A	revseq_2	A.D.1.6	1633158	3049954	100	RSV A	ETH_Plate1	NA	resp_panel	RSV - A/B	NA	Orthopneumovirus hominis	8420992	RSV A EPI_ISL_412866	A	A	46742030	F1	04.01.2025	BS
51199_1_73|25.11.2024|Switzerland|SG	51199_1_73	25.11.2024	Switzerland	SG	RSV A	revseq_2	A.D.3	651673	3049954	100	RSV A	ETH_Plate1	NA	flu_rsv_panel	RSV - A/B	NA	Orthopneumovirus hominis	8420992	RSV A EPI_ISL_412866	A	A	46363736	A10	25.11.2024	SG
51199_1_8|30.01.2025|Switzerland|BL	51199_1_8	30.01.2025	Switzerland	BL	RSV A	revseq_2	A.D.1.5	7794210	3049954	100	RSV A	ETH_Plate1	stationär	sars_flu_rsv_panel	RSV - A/B	16	Orthopneumovirus hominis	8420992	RSV A EPI_ISL_412866	A	A	47063496	H1	30.01.2025	BL
51199_2_1|19.02.2025|Switzerland|AG	51199_2_1	19.02.2025	Switzerland	AG	RSV A	revseq_2	A.D.1.9	12160671	3049954	100	RSV A	ETH_Plate2	NA	rsv_only_panel	RSV - A/B	17	Orthopneumovirus hominis	8420992	RSV A EPI_ISL_412866	A	A	47269871	A1	19.02.2025	AG
51199_2_10|07.02.2025|Switzerland|ZH	51199_2_10	07.02.2025	Switzerland	ZH	RSV A	revseq_2	A.D.1.5	74530	3049954	99.99	RSV A	ETH_Plate2	NA	sars_flu_rsv_panel	RSV - A/B	24	Orthopneumovirus hominis	8420992	RSV A EPI_ISL_412866	A	A	47136318	B2	07.02.2025	ZH
51199_2_25|17.02.2025|Switzerland|AG	51199_2_25	17.02.2025	Switzerland	AG	RSV A	revseq_2	A.D.1.11	514813	3049954	99.82	RSV A	ETH_Plate2	NA	rsv_only_panel	RSV - A/B	19	Orthopneumovirus hominis	8420992	RSV A EPI_ISL_412866	A	A	47234845	A4	17.02.2025	AG
51199_2_31|17.02.2025|Switzerland|AG	51199_2_31	17.02.2025	Switzerland	AG	RSV A	revseq_2	A.D.1.10	14398631	3049954	100	RSV A	ETH_Plate2	NA	sars_flu_rsv_panel	RSV - A/B	17	Orthopneumovirus hominis	8420992	RSV A EPI_ISL_412866	A	A	47233490	G4	17.02.2025	AG
51199_2_41|19.02.2025|Switzerland|AG	51199_2_41	19.02.2025	Switzerland	AG	RSV A	revseq_2	A.D.3.1	12771234	3049954	100	RSV A	ETH_Plate2	NA	rsv_only_panel	RSV - A/B	17	Orthopneumovirus hominis	8420992	RSV A EPI_ISL_412866	A	A	47266705	A6	19.02.2025	AG
51199_2_42|19.02.2025|Switzerland|AG	51199_2_42	19.02.2025	Switzerland	AG	RSV A	revseq_2	A.D.1.4	67168	3049954	99.22	RSV A	ETH_Plate2	NA	sars_flu_rsv_panel	RSV - A/B	20	Orthopneumovirus hominis	8420992	RSV A EPI_ISL_412866	A	A	47267077	B6	19.02.2025	AG
51199_2_54|03.03.2025|Switzerland|BS	51199_2_54	03.03.2025	Switzerland	BS	RSV A	revseq_2	A.D.1.11	20398	3049954	97.75	RSV A	ETH_Plate2	NA	resp_panel	Coronavirus OC43, RSV - A/B	NA	Orthopneumovirus hominis	8420992	RSV A EPI_ISL_412866	A	A	47396373	F7	03.03.2025	BS
51199_2_55|05.03.2025|Switzerland|BS	51199_2_55	05.03.2025	Switzerland	BS	RSV A	revseq_2	A.D.1.11	2167759	3049954	100	RSV A	ETH_Plate2	NA	sars_flu_rsv_panel	RSV - A/B	17	Orthopneumovirus hominis	8420992	RSV A EPI_ISL_412866	A	A	47420377	G7	05.03.2025	BS
51199_2_56|05.03.2025|Switzerland|AG	51199_2_56	05.03.2025	Switzerland	AG	RSV A	revseq_2	A.D.1.5	55418	3049954	99.27	RSV A	ETH_Plate2	NA	sars_flu_rsv_panel	RSV - A/B	24	Orthopneumovirus hominis	8420992	RSV A EPI_ISL_412866	A	A	47416827	H7	05.03.2025	AG
51199_2_67|25.02.2025|Switzerland|BL	51199_2_67	25.02.2025	Switzerland	BL	RSV A	revseq_2	A.D.1.9	61146	3049954	99.11	RSV A	ETH_Plate2	NA	sars_flu_rsv_panel	RSV - A/B	24	Orthopneumovirus hominis	8420992	RSV A EPI_ISL_412866	A	A	47336355	C9	25.02.2025	BL
51199_2_68|24.02.2025|Switzerland|ZH	51199_2_68	24.02.2025	Switzerland	ZH	RSV A	revseq_2	A.D.5.2	20320	3049954	98.59	RSV A	ETH_Plate2	NA	sars_flu_rsv_panel	RSV - A/B	24	Orthopneumovirus hominis	8420992	RSV A EPI_ISL_412866	A	A	47317968	D9	24.02.2025	ZH
51199_2_7|07.02.2025|Switzerland|BE	51199_2_7	07.02.2025	Switzerland	BE	RSV A	revseq_2	A.D.3.4	99370	3049954	99.01	RSV A	ETH_Plate2	NA	sars_flu_rsv_panel	RSV - A/B	18	Orthopneumovirus hominis	8420992	RSV A EPI_ISL_412866	A	A	47145370	G1	07.02.2025	BE
51199_2_8|29.01.2025|Switzerland|GR	51199_2_8	29.01.2025	Switzerland	GR	RSV A	revseq_2	A.D.1.5	86228	3049954	99.77	RSV A	ETH_Plate2	NA	resp_panel	Coronavirus OC43, Rhino-/Enterovirus, Parainfluenza 3, RSV - A/B	NA	Orthopneumovirus hominis	8420992	RSV A EPI_ISL_412866	A	A	47027574	H1	29.01.2025	GR
51199_2_87|10.03.2025|Switzerland|ZH	51199_2_87	10.03.2025	Switzerland	ZH	RSV A	revseq_2	A.D.3.11	150933	3049954	99.27	RSV A	ETH_Plate2	NA	sars_flu_rsv_panel	RSV - A/B	18	Orthopneumovirus hominis	8420992	RSV A EPI_ISL_412866	A	A	47466939	G11	10.03.2025	ZH
51607_1_26|04.05.2025|Switzerland|BL	51607_1_26	04.05.2025	Switzerland	BL	RSV A	revseq_2	A.D.1.9	7648	3049954	97.51	RSV A	ETH_Plate3	stationär	resp_panel, flu_rsv_panel	SARS-CoV-2, RSV - A/B	NA	Orthopneumovirus hominis	8420992	RSV A EPI_ISL_412866	Unassigned	Unassigned	48084422	B4	04.05.2025	BL
51607_1_50|19.03.2025|Switzerland|AG	51607_1_50	19.03.2025	Switzerland	AG	RSV A	revseq_2	A.D.1.4	2050335	3049954	100	RSV A	ETH_Plate3	NA	sars_flu_rsv_panel	RSV - A/B	23	Orthopneumovirus hominis	8420992	RSV A EPI_ISL_412866	A	A	47581327	B7	19.03.2025	AG
51607_1_58|19.03.2025|Switzerland|ZH	51607_1_58	19.03.2025	Switzerland	ZH	RSV A	revseq_2	A.D.3.11	11727971	3049954	100	RSV A	ETH_Plate3	NA	resp_panel	RSV - A/B	NA	Orthopneumovirus hominis	8420992	RSV A EPI_ISL_412866	A	A	47585174	B8	19.03.2025	ZH
51607_1_68|01.04.2025|Switzerland|AG	51607_1_68	01.04.2025	Switzerland	AG	RSV A	revseq_2	A.D.1.10	3161500	3049954	100	RSV A	ETH_Plate3	NA	sars_flu_rsv_panel	RSV - A/B	17	Orthopneumovirus hominis	8420992	RSV A EPI_ISL_412866	A	A	47743555	D9	01.04.2025	AG
51607_1_7|01.04.2025|Switzerland|AG	51607_1_7	01.04.2025	Switzerland	AG	RSV A	revseq_2	A.D.1.10	1198435	3049954	100	RSV A	ETH_Plate3	NA	sars_flu_rsv_panel	RSV - A/B	16	Orthopneumovirus hominis	8420992	RSV A EPI_ISL_412866	A	A	47743647	G1	01.04.2025	AG
51607_1_77|07.04.2025|Switzerland|SH	51607_1_77	07.04.2025	Switzerland	SH	RSV A	revseq_2	A.D.3.8	401431	3049954	99.96	RSV A	ETH_Plate3	NA	resp_panel	RSV - A/B	NA	Orthopneumovirus hominis	8420992	RSV A EPI_ISL_412866	A	A	47815180	E10	07.04.2025	SH
51607_1_91|31.03.2025|Switzerland|BL	51607_1_91	31.03.2025	Switzerland	BL	RSV A	revseq_2	A.D.1.11	11146219	3049954	100	RSV A	ETH_Plate3	NA	resp_panel	RSV - A/B	NA	Orthopneumovirus hominis	8420992	RSV A EPI_ISL_412866	A	A	47726926	C12	31.03.2025	BL
51607_2_1|12.03.2025|Switzerland|AG	51607_2_1	12.03.2025	Switzerland	AG	RSV A	revseq_2	A.D.3.7	6184044	3049954	100	RSV A	ETH_Plate4	NA	sars_flu_rsv_panel	RSV - A/B	21	Orthopneumovirus hominis	8420992	RSV A EPI_ISL_412866	A	A	47498295	A1	12.03.2025	AG
51607_2_16|25.03.2025|Switzerland|SG	51607_2_16	25.03.2025	Switzerland	SG	RSV A	revseq_2	A.D.1.10	105076	3049954	99.55	RSV A	ETH_Plate4	NA	resp_panel, flu_only_panel	RSV - A/B	NA	Orthopneumovirus hominis	8420992	RSV A EPI_ISL_412866	A	A	47661564	H2	25.03.2025	SG
51607_2_17|28.03.2025|Switzerland|ZH	51607_2_17	28.03.2025	Switzerland	ZH	RSV A	revseq_2	A.D.3.11	5416	3049954	97.33	RSV A	ETH_Plate4	NA	resp_panel	RSV - A/B	NA	Orthopneumovirus hominis	8420992	RSV A EPI_ISL_412866	A	A	47697009	A3	28.03.2025	ZH
51607_2_2|12.03.2025|Switzerland|AG	51607_2_2	12.03.2025	Switzerland	AG	RSV A	revseq_2	A.D.1.4	2359409	3049954	100	RSV A	ETH_Plate4	NA	sars_flu_rsv_panel	RSV - A/B	22	Orthopneumovirus hominis	8420992	RSV A EPI_ISL_412866	A	A	47500864	B1	12.03.2025	AG
51607_2_3|12.03.2025|Switzerland|BL	51607_2_3	12.03.2025	Switzerland	BL	RSV A	revseq_2	A.D.1.5	612654	3049954	100	RSV A	ETH_Plate4	ambulant	sars_flu_rsv_panel	RSV - A/B	23	Orthopneumovirus hominis	8420992	RSV A EPI_ISL_412866	A	A	47506307	C1	12.03.2025	BL
51607_2_59|20.12.2024|Switzerland|AG	51607_2_59	20.12.2024	Switzerland	AG	RSV A	revseq_2	A.D.1.9	854687	3049954	100	RSV A	ETH_Plate4	NA	flu_rsv_panel	RSV - A/B	NA	Orthopneumovirus hominis	8420992	RSV A EPI_ISL_412866	A	A	46683801	C8	20.12.2024	AG
51607_2_8|10.03.2025|Switzerland|VD	51607_2_8	10.03.2025	Switzerland	VD	RSV A	revseq_2	A.D.1.5	1351096	3049954	100	RSV A	ETH_Plate4	NA	sars_flu_rsv_panel	RSV - A/B	21	Orthopneumovirus hominis	8420992	RSV A EPI_ISL_412866	A	A	47471108	H1	10.03.2025	VD
51607_2_87|23.01.2025|Switzerland|VS	51607_2_87	23.01.2025	Switzerland	VS	RSV A	revseq_2	A.D.3	1966565	3049954	100	RSV A	ETH_Plate4	NA	sars_flu_rsv_panel	RSV - A/B	19	Orthopneumovirus hominis	8420992	RSV A EPI_ISL_412866	A	A	46973442	G11	23.01.2025	VS
